{
	"credit": "Made with Blockbench",
	"texture_size": [64, 64],
	"textures": {
		"0": "block/rollingpin",
		"particle": "block/rollingpin"
	},
	"elements": [
		{
			"from": [-4, 1, 6],
			"to": [0, 2, 7],
			"rotation": {"angle": 0, "axis": "y", "origin": [-15, 0, 0]},
			"faces": {
				"north": {"uv": [0.25, 2.25, 1.25, 2.5], "texture": "#0"},
				"east": {"uv": [0, 2.25, 0.25, 2.5], "texture": "#0"},
				"south": {"uv": [1.5, 2.25, 2.5, 2.5], "texture": "#0"},
				"west": {"uv": [1.25, 2.25, 1.5, 2.5], "texture": "#0"},
				"up": {"uv": [1.25, 2.25, 0.25, 2], "texture": "#0"},
				"down": {"uv": [2.25, 2, 1.25, 2.25], "texture": "#0"}
			}
		},
		{
			"from": [15, 1, 6],
			"to": [19, 2, 7],
			"rotation": {"angle": 0, "axis": "y", "origin": [4, 0, 0]},
			"faces": {
				"north": {"uv": [0.25, 1.75, 1.25, 2], "texture": "#0"},
				"east": {"uv": [0, 1.75, 0.25, 2], "texture": "#0"},
				"south": {"uv": [1.5, 1.75, 2.5, 2], "texture": "#0"},
				"west": {"uv": [1.25, 1.75, 1.5, 2], "texture": "#0"},
				"up": {"uv": [1.25, 1.75, 0.25, 1.5], "texture": "#0"},
				"down": {"uv": [2.25, 1.5, 1.25, 1.75], "texture": "#0"}
			}
		},
		{
			"from": [0, 0, 5],
			"to": [15, 3, 8],
			"faces": {
				"north": {"uv": [0.75, 0.75, 4.5, 1.5], "texture": "#0"},
				"east": {"uv": [0, 0.75, 0.75, 1.5], "texture": "#0"},
				"south": {"uv": [5.25, 0.75, 9, 1.5], "texture": "#0"},
				"west": {"uv": [4.5, 0.75, 5.25, 1.5], "texture": "#0"},
				"up": {"uv": [4.5, 0.75, 0.75, 0], "texture": "#0"},
				"down": {"uv": [8.25, 0, 4.5, 0.75], "texture": "#0"}
			}
		}
	],
	"display": {
		"thirdperson_righthand": {
			"rotation": [0, 85, -44],
			"translation": [1.75, 10.5, 3.75]
		}
	}
}