{
	"credit": "Made with Blockbench",
	"textures": {
		"0": "block/bananasone",
		"particle": "block/bananasone"
	},
	"elements": [
		{
			"from": [0, 0, 9],
			"to": [8, 2, 12],
			"rotation": {"angle": 22.5, "axis": "y", "origin": [0, 0, 0]},
			"faces": {
				"north": {"uv": [0, 0, 6, 2], "texture": "#0"},
				"east": {"uv": [6, 0, 8, 2], "texture": "#0"},
				"south": {"uv": [0, 2, 6, 4], "texture": "#0"},
				"west": {"uv": [6, 2, 8, 4], "texture": "#0"},
				"up": {"uv": [6, 6, 0, 4], "texture": "#0"},
				"down": {"uv": [6, 6, 0, 8], "texture": "#0"}
			}
		},
		{
			"from": [1, 0, 8],
			"to": [5, 2, 10],
			"faces": {
				"north": {"uv": [10, 0, 16, 2], "texture": "#0"},
				"east": {"uv": [8, 0, 10, 2], "texture": "#0"},
				"south": {"uv": [10, 2, 16, 4], "texture": "#0"},
				"west": {"uv": [8, 2, 10, 4], "texture": "#0"},
				"up": {"uv": [16, 6, 10, 4], "texture": "#0"},
				"down": {"uv": [16, 6, 10, 8], "texture": "#0"}
			}
		},
		{
			"from": [0, 0, 8],
			"to": [1, 1, 9],
			"faces": {
				"north": {"uv": [0, 14, 6, 16], "texture": "#0"},
				"east": {"uv": [0, 14, 2, 16], "texture": "#0"},
				"south": {"uv": [0, 14, 6, 16], "texture": "#0"},
				"west": {"uv": [0, 14, 2, 16], "texture": "#0"},
				"up": {"uv": [6, 16, 0, 14], "texture": "#0"},
				"down": {"uv": [6, 14, 0, 16], "texture": "#0"}
			}
		},
		{
			"from": [7, 0, 12],
			"to": [11, 2, 14],
			"rotation": {"angle": 45, "axis": "y", "origin": [1, 0, 5]},
			"faces": {
				"north": {"uv": [10, 0, 16, 2], "texture": "#0"},
				"east": {"uv": [8, 0, 10, 2], "texture": "#0"},
				"south": {"uv": [10, 2, 16, 4], "texture": "#0"},
				"west": {"uv": [8, 2, 10, 4], "texture": "#0"},
				"up": {"uv": [16, 6, 10, 4], "texture": "#0"},
				"down": {"uv": [16, 6, 10, 8], "texture": "#0"}
			}
		},
		{
			"from": [11, 0, 12],
			"to": [13, 1, 13],
			"rotation": {"angle": 45, "axis": "y", "origin": [1, 0, 5]},
			"faces": {
				"north": {"uv": [0, 14, 6, 16], "texture": "#0"},
				"east": {"uv": [0, 14, 2, 16], "texture": "#0"},
				"south": {"uv": [0, 14, 6, 16], "texture": "#0"},
				"west": {"uv": [0, 14, 2, 16], "texture": "#0"},
				"up": {"uv": [6, 16, 0, 14], "texture": "#0"},
				"down": {"uv": [6, 14, 0, 16], "texture": "#0"}
			}
		}
	],
	"display": {
		"thirdperson_righthand": {
			"rotation": [-180, 0, -25],
			"translation": [4.25, -6.25, 0]
		},
		"thirdperson_lefthand": {
			"rotation": [155, 0, 180],
			"translation": [0, 5.5, -3]
		},
		"firstperson_righthand": {
			"rotation": [78, 38, -180],
			"translation": [-1.75, 1, -2],
			"scale": [0.64, 0.63, 0.65]
		},
		"firstperson_lefthand": {
			"translation": [0, 5.5, 0]
		},
		"ground": {
			"translation": [0, 3.75, 0]
		},
		"gui": {
			"rotation": [93, -14, 180],
			"translation": [-0.5, -1, 0]
		},
		"head": {
			"translation": [0, -35.25, 1],
			"scale": [1.11, 1, 0.98]
		},
		"fixed": {
			"rotation": [91, 0, 0],
			"translation": [0, 0, 8]
		}
	}
}