{
	"credit": "Made with Blockbench",
	"texture_size": [256, 256],
	"textures": {
		"1": "item/bluething",
		"particle": "item/bluething"
	},
	"elements": [
		{
			"from": [-16, 0, -16],
			"to": [32, 8, 32],
			"faces": {
				"north": {"uv": [0, 0, 12, 2], "texture": "#1"},
				"east": {"uv": [0, 0, 12, 2], "texture": "#1"},
				"south": {"uv": [0, 0, 12, 2], "texture": "#1"},
				"west": {"uv": [0, 0, 12, 2], "texture": "#1"},
				"up": {"uv": [4, 10.75, 1, 7.75], "texture": "#1"},
				"down": {"uv": [8.75, 6, 5.75, 9], "texture": "#1"}
			}
		},
		{
			"from": [32, 8, 32],
			"to": [-16, 0, -16],
			"rotation": {"angle": 0, "axis": "y", "origin": [80, 15, 80]},
			"faces": {
				"north": {"uv": [0, 2, 12, 0], "texture": "#1"},
				"east": {"uv": [0, 2, 12, 0], "texture": "#1"},
				"south": {"uv": [0, 2, 12, 0], "texture": "#1"},
				"west": {"uv": [0, 2, 12, 0], "texture": "#1"},
				"up": {"uv": [7.5, 10, 4.5, 7], "texture": "#1"},
				"down": {"uv": [5.25, 6.25, 2.25, 9.25], "texture": "#1"}
			}
		}
	],
	"groups": [
		{
			"name": "group",
			"origin": [80, 31, 80],
			"color": 0,
			"nbt": "{}",
			"children": [0, 1]
		}
	]
}