{
 "parent": "item/generated",
 "textures": {
 "layer0": "item/carrot_on_a_stick"
 },
 
 "overrides": [
 {"predicate": {"custom_model_data":1}, "model": "item/watermelon"},
 {"predicate": {"custom_model_data":2}, "model": "item/apple"},
 {"predicate": {"custom_model_data":3}, "model": "item/bread"},
 {"predicate": {"custom_model_data":4}, "model": "item/pepper"},
 {"predicate": {"custom_model_data":5}, "model": "item/pizza"},
 {"predicate": {"custom_model_data":6}, "model": "item/hamburger"},
 {"predicate": {"custom_model_data":7}, "model": "item/icecream"},	
 {"predicate": {"custom_model_data":8}, "model": "item/sushi"},
 {"predicate": {"custom_model_data":9}, "model": "item/cookie"},	
 {"predicate": {"custom_model_data":10}, "model": "item/donut"}
]
}