{
	"credit": "Made with Blockbench",
	"texture_size": [64, 64],
	"textures": {
		"0": "item/savannashepherd",
		"particle": "item/savannashepherd"
	},
	"elements": [
		{
			"name": "head",
			"from": [4, 22, 4],
			"to": [12, 32, 12],
			"rotation": {"angle": 0, "axis": "y", "origin": [8, 0, 8]},
			"faces": {
				"north": {"uv": [2, 2, 4, 4.5], "texture": "#0"},
				"east": {"uv": [0, 2, 2, 4.5], "texture": "#0"},
				"south": {"uv": [6, 2, 8, 4.5], "texture": "#0"},
				"west": {"uv": [4, 2, 6, 4.5], "texture": "#0"},
				"up": {"uv": [4, 2, 2, 0], "texture": "#0"},
				"down": {"uv": [6, 0, 4, 2], "texture": "#0"}
			}
		},
		{
			"name": "nose",
			"from": [7, 21, 2],
			"to": [9, 25, 4],
			"rotation": {"angle": 0, "axis": "y", "origin": [8, -2, 8]},
			"faces": {
				"north": {"uv": [6.5, 0.5, 7, 1.5], "texture": "#0"},
				"east": {"uv": [6, 0.5, 6.5, 1.5], "texture": "#0"},
				"south": {"uv": [7.5, 0.5, 8, 1.5], "texture": "#0"},
				"west": {"uv": [7, 0.5, 7.5, 1.5], "texture": "#0"},
				"up": {"uv": [7, 0.5, 6.5, 0], "texture": "#0"},
				"down": {"uv": [7.5, 0, 7, 0.5], "texture": "#0"}
			}
		},
		{
			"name": "headwear",
			"from": [3.49, 20.98, 3.49],
			"to": [12.51, 32, 12.51],
			"rotation": {"angle": 0, "axis": "y", "origin": [8, 0, 8]},
			"faces": {
				"north": {"uv": [10, 2, 12, 4.5], "texture": "#0"},
				"east": {"uv": [8, 2, 10, 4.5], "texture": "#0"},
				"south": {"uv": [14, 2, 16, 4.5], "texture": "#0"},
				"west": {"uv": [12, 2, 14, 4.5], "texture": "#0"},
				"up": {"uv": [12, 2, 10, 0], "texture": "#0"},
				"down": {"uv": [14, 0, 12, 2], "texture": "#0"}
			}
		},
		{
			"name": "body",
			"from": [4, 10, 5],
			"to": [12, 22, 11],
			"rotation": {"angle": 0, "axis": "y", "origin": [8, -2, 8]},
			"faces": {
				"north": {"uv": [5.5, 6.5, 7.5, 9.5], "texture": "#0"},
				"east": {"uv": [4, 6.5, 5.5, 9.5], "texture": "#0"},
				"south": {"uv": [9, 6.5, 11, 9.5], "texture": "#0"},
				"west": {"uv": [7.5, 6.5, 9, 9.5], "texture": "#0"},
				"up": {"uv": [7.5, 6.5, 5.5, 5], "texture": "#0"},
				"down": {"uv": [9.5, 5, 7.5, 6.5], "texture": "#0"}
			}
		},
		{
			"name": "bodywear",
			"from": [3.5, 1.5, 4.5],
			"to": [12.5, 22.5, 11.5],
			"rotation": {"angle": 0, "axis": "y", "origin": [8, -2, 8]},
			"faces": {
				"north": {"uv": [1.5, 11, 3.5, 16], "texture": "#0"},
				"east": {"uv": [0, 11, 1.5, 16], "texture": "#0"},
				"south": {"uv": [5, 11, 7, 16], "texture": "#0"},
				"west": {"uv": [3.5, 11, 5, 16], "texture": "#0"},
				"up": {"uv": [3.5, 11, 1.5, 9.5], "texture": "#0"},
				"down": {"uv": [5.5, 9.5, 3.5, 11], "texture": "#0"}
			}
		},
		{
			"name": "arms",
			"from": [4, 18.35, -10.05],
			"to": [12, 22.35, -6.05],
			"rotation": {"angle": 45, "axis": "x", "origin": [8, 3.3, -7]},
			"faces": {
				"north": {"uv": [11, 10.5, 13, 11.5], "texture": "#0"},
				"east": {"uv": [10, 10.5, 11, 11.5], "texture": "#0"},
				"south": {"uv": [14, 10.5, 16, 11.5], "texture": "#0"},
				"west": {"uv": [13, 10.5, 14, 11.5], "texture": "#0"},
				"up": {"uv": [13, 10.5, 11, 9.5], "texture": "#0"},
				"down": {"uv": [15, 9.5, 13, 10.5], "texture": "#0"}
			}
		},
		{
			"name": "arms",
			"from": [12, 18.35, -10.05],
			"to": [16, 26.35, -6.05],
			"rotation": {"angle": 45, "axis": "x", "origin": [8, 3.3, -7]},
			"faces": {
				"north": {"uv": [12, 6.5, 13, 8.5], "texture": "#0"},
				"east": {"uv": [11, 6.5, 12, 8.5], "texture": "#0"},
				"south": {"uv": [14, 6.5, 15, 8.5], "texture": "#0"},
				"west": {"uv": [13, 6.5, 14, 8.5], "texture": "#0"},
				"up": {"uv": [13, 6.5, 12, 5.5], "texture": "#0"},
				"down": {"uv": [14, 5.5, 13, 6.5], "texture": "#0"}
			}
		},
		{
			"name": "mirrored",
			"from": [0, 18.35, -10.05],
			"to": [4, 26.35, -6.05],
			"rotation": {"angle": 45, "axis": "x", "origin": [8, 3.3, -7]},
			"faces": {
				"north": {"uv": [13, 6.5, 12, 8.5], "texture": "#0"},
				"east": {"uv": [14, 6.5, 13, 8.5], "texture": "#0"},
				"south": {"uv": [15, 6.5, 14, 8.5], "texture": "#0"},
				"west": {"uv": [12, 6.5, 11, 8.5], "texture": "#0"},
				"up": {"uv": [12, 6.5, 13, 5.5], "texture": "#0"},
				"down": {"uv": [13, 5.5, 14, 6.5], "texture": "#0"}
			}
		},
		{
			"name": "right_leg",
			"from": [8, -2, 6],
			"to": [12, 10, 10],
			"rotation": {"angle": 0, "axis": "y", "origin": [8, -2, 8]},
			"faces": {
				"north": {"uv": [1, 6.5, 2, 9.5], "texture": "#0"},
				"east": {"uv": [0, 6.5, 1, 9.5], "texture": "#0"},
				"south": {"uv": [3, 6.5, 4, 9.5], "texture": "#0"},
				"west": {"uv": [2, 6.5, 3, 9.5], "texture": "#0"},
				"up": {"uv": [2, 6.5, 1, 5.5], "texture": "#0"},
				"down": {"uv": [3, 5.5, 2, 6.5], "texture": "#0"}
			}
		},
		{
			"name": "left_leg",
			"from": [4, -2, 6],
			"to": [8, 10, 10],
			"rotation": {"angle": 0, "axis": "y", "origin": [8, -2, 8]},
			"faces": {
				"north": {"uv": [1, 6.5, 2, 9.5], "texture": "#0"},
				"east": {"uv": [0, 6.5, 1, 9.5], "texture": "#0"},
				"south": {"uv": [3, 6.5, 4, 9.5], "texture": "#0"},
				"west": {"uv": [2, 6.5, 3, 9.5], "texture": "#0"},
				"up": {"uv": [2, 6.5, 1, 5.5], "texture": "#0"},
				"down": {"uv": [3, 5.5, 2, 6.5], "texture": "#0"}
			}
		}
	],
	"groups": [
		{
			"name": "head",
			"origin": [8, 24, 8],
			"color": 0,
			"children": [0]
		},
		{
			"name": "nose",
			"origin": [8, 26, 8],
			"color": 0,
			"children": [1]
		},
		{
			"name": "headwear",
			"origin": [8, 24, 8],
			"color": 0,
			"children": [2]
		},
		{
			"name": "headwear2",
			"origin": [8, 24, 8],
			"color": 0,
			"children": []
		},
		{
			"name": "body",
			"origin": [8, 24, 8],
			"color": 0,
			"children": [3]
		},
		{
			"name": "bodywear",
			"origin": [8, 24, 8],
			"color": 0,
			"children": [4]
		},
		{
			"name": "arms",
			"origin": [8, 21.05, 6.95],
			"color": 0,
			"children": [
				5,
				6,
				{
					"name": "mirrored",
					"origin": [8, 0, 8],
					"color": 0,
					"children": [7]
				}
			]
		},
		{
			"name": "right_leg",
			"origin": [10, 12, 8],
			"color": 0,
			"children": [8]
		},
		{
			"name": "left_leg",
			"origin": [6, 12, 8],
			"color": 0,
			"children": [9]
		}
	]
}