{
    "providers": [
        {
            "type": "space",
            "advances": {
                " ": 4,
                "\u200c": 0
            }
        },
        {
            "type": "bitmap",
            "file": "minecraft:fade/dark.png",
            "ascent": 1024,
            "height": 2048,
            "chars": [
                "\ue000"
            ]
        },
        {
            "type": "bitmap",
            "file": "minecraft:icons/scorpionem.png",
            "ascent": 8,
            "height": 8,
            "chars": [
                "\ue001"
            ]
        },
        {
            "type": "bitmap",
            "file": "minecraft:icons/refortor.png",
            "ascent": 8,
            "height": 8,
            "chars": [
                "\ue002"
            ]
        },
        {
            "type": "bitmap",
            "file": "minecraft:icons/worfer.png",
            "ascent": 8,
            "height": 8,
            "chars": [
                "\ue003"
            ]
        },
        {
            "type": "bitmap",
            "file": "minecraft:icons/twelfth.png",
            "ascent": 8,
            "height": 8,
            "chars": [
                "\ue004"
            ]
        }
    ]
}