{

"worf.cheer": {"sounds": [{"name": "worf:worf/cheer","stream": true}],"category":"master"},
"worf.wait": {"sounds": [{"name": "worf:worf/wait","stream": true}],"category":"master"},
"worf.laugh": {"sounds": [{"name": "worf:worf/laugh","stream": true}],"category":"master"},
"worf.lose": {"sounds": [{"name": "worf:worf/lose","stream": true}],"category":"master"},
"worf.static": {"sounds": [{"name": "worf:worf/static","stream": true}],"category":"master"},
"worf.drumroll": {"sounds": [{"name": "worf:worf/drumroll","stream": true}],"category":"master"},
"worf.loud": {"sounds": [{"name": "worf:worf/loud","stream": true}],"category":"master"},
"worf.wrong": {"sounds": [{"name": "worf:worf/wrong","stream": true}],"category":"master"},
"worf.boo": {"sounds": [{"name": "worf:worf/boo","stream": true}],"category":"master"},
"worf.crowdmurmur": {"sounds": [{"name": "worf:worf/crowdmurmur","stream": true}],"category":"master"},
"worf.crowdclap": {"sounds": [{"name": "worf:worf/crowdclap","stream": true}],"category":"master"},

"worf.gordon": {"sounds": [{"name": "worf:worf/gordon","stream": true}],"category":"master"},
"worf.goodgordon": {"sounds": [{"name": "worf:worf/goodgordon","stream": true}],"category":"master"},
"worf.gordonrealms": {"sounds": [{"name": "worf:worf/gordonrealms","stream": true}],"category":"master"},
"worf.goodgordonrealms": {"sounds": [{"name": "worf:worf/goodgordonrealms","stream": true}],"category":"master"},

"worf.homer1": {"sounds": [{"name": "worf:worf/homer1","stream": true}],"category":"master"},
"worf.homer2": {"sounds": [{"name": "worf:worf/homer2","stream": true}],"category":"master"},
"worf.homer3": {"sounds": [{"name": "worf:worf/homer3","stream": true}],"category":"master"},
"worf.homer4": {"sounds": [{"name": "worf:worf/homer4","stream": true}],"category":"master"},
"worf.homer5": {"sounds": [{"name": "worf:worf/homer5","stream": true}],"category":"master"},
"worf.homer6": {"sounds": [{"name": "worf:worf/homer6","stream": true}],"category":"master"},

"worf.copyright1": {"sounds": [{"name": "worf:worf/copyright1","stream": true}],"category":"master"},
"worf.copyright2": {"sounds": [{"name": "worf:worf/copyright2","stream": true}],"category":"master"},
"worf.copyright3": {"sounds": [{"name": "worf:worf/copyright3","stream": true}],"category":"master"},
"worf.copyright4": {"sounds": [{"name": "worf:worf/copyright4","stream": true}],"category":"master"},

"worf.turfwarsintro": {"sounds": [{"name": "worf:worf/turfwarsintro","stream": true}],"category":"master"},
"worf.fourinarowintro": {"sounds": [{"name": "worf:worf/fourinarowintro","stream": true}],"category":"master"},
"worf.categoriesintro": {"sounds": [{"name": "worf:worf/categoriesintro","stream": true}],"category":"master"},
"worf.skipintro": {"sounds": [{"name": "worf:worf/skipintro","stream": true}],"category":"master"}
}