{
  "heve.buzzin1": {"sounds": [{"name": "heve:heve/buzzin1","stream": true}],"category":"master"},
  "heve.buzzin2": {"sounds": [{"name": "heve:heve/buzzin2","stream": true}],"category":"master"},
  "heve.buzzin3": {"sounds": [{"name": "heve:heve/buzzin3","stream": true}],"category":"master"},
  "heve.categories1": {"sounds": [{"name": "heve:heve/categories1","stream": true}],"category":"master"},
  "heve.categories2": {"sounds": [{"name": "heve:heve/categories2","stream": true}],"category":"master"},
  "heve.categories3": {"sounds": [{"name": "heve:heve/categories3","stream": true}],"category":"master"},
  "heve.categories4": {"sounds": [{"name": "heve:heve/categories4","stream": true}],"category":"master"},
  "heve.categories5": {"sounds": [{"name": "heve:heve/categories5","stream": true}],"category":"master"},
  "heve.correct1": {"sounds": [{"name": "heve:heve/correct1","stream": true}],"category":"master"},
  "heve.correct2": {"sounds": [{"name": "heve:heve/correct2","stream": true}],"category":"master"},
  "heve.correct3": {"sounds": [{"name": "heve:heve/correct3","stream": true}],"category":"master"},
  "heve.correct4": {"sounds": [{"name": "heve:heve/correct4","stream": true}],"category":"master"},
  "heve.correct5": {"sounds": [{"name": "heve:heve/correct5","stream": true}],"category":"master"},
  "heve.correct6": {"sounds": [{"name": "heve:heve/correct6","stream": true}],"category":"master"},
  "heve.correct7": {"sounds": [{"name": "heve:heve/correct7","stream": true}],"category":"master"},
  "heve.correct8": {"sounds": [{"name": "heve:heve/correct8","stream": true}],"category":"master"},
  "heve.correct9": {"sounds": [{"name": "heve:heve/correct9","stream": true}],"category":"master"},
  "heve.fourinarow1": {"sounds": [{"name": "heve:heve/fourinarow1","stream": true}],"category":"master"},
  "heve.fourinarow2": {"sounds": [{"name": "heve:heve/fourinarow2","stream": true}],"category":"master"},
  "heve.fourinarow3": {"sounds": [{"name": "heve:heve/fourinarow3","stream": true}],"category":"master"},
  "heve.fourinarow4": {"sounds": [{"name": "heve:heve/fourinarow4","stream": true}],"category":"master"},
  "heve.fourinarow5": {"sounds": [{"name": "heve:heve/fourinarow5","stream": true}],"category":"master"},
  "heve.fourinarow6": {"sounds": [{"name": "heve:heve/fourinarow6","stream": true}],"category":"master"},
  "heve.fourinarow7": {"sounds": [{"name": "heve:heve/fourinarow7","stream": true}],"category":"master"},
  "heve.intro1": {"sounds": [{"name": "heve:heve/intro1","stream": true}],"category":"master"},
  "heve.intro1a": {"sounds": [{"name": "heve:heve/intro1a","stream": true}],"category":"master"},
  "heve.intro1b": {"sounds": [{"name": "heve:heve/intro1b","stream": true}],"category":"master"},
  "heve.intro1c": {"sounds": [{"name": "heve:heve/intro1c","stream": true}],"category":"master"},
  "heve.intro2": {"sounds": [{"name": "heve:heve/intro2","stream": true}],"category":"master"},
  "heve.intro3": {"sounds": [{"name": "heve:heve/intro3","stream": true}],"category":"master"},
  "heve.lose1": {"sounds": [{"name": "heve:heve/lose1","stream": true}],"category":"master"},
  "heve.lose2": {"sounds": [{"name": "heve:heve/lose2","stream": true}],"category":"master"},
  "heve.lose3": {"sounds": [{"name": "heve:heve/lose3","stream": true}],"category":"master"},
  "heve.lose4": {"sounds": [{"name": "heve:heve/lose4","stream": true}],"category":"master"},
  "heve.lose5": {"sounds": [{"name": "heve:heve/lose5","stream": true}],"category":"master"},
  "heve.lose6": {"sounds": [{"name": "heve:heve/lose6","stream": true}],"category":"master"},
  "heve.lose7": {"sounds": [{"name": "heve:heve/lose7","stream": true}],"category":"master"},
  "heve.lose8": {"sounds": [{"name": "heve:heve/lose8","stream": true}],"category":"master"},
  "heve.pickchallenge1": {"sounds": [{"name": "heve:heve/pickchallenge1","stream": true}],"category":"master"},
  "heve.pickchallenge2": {"sounds": [{"name": "heve:heve/pickchallenge2","stream": true}],"category":"master"},
  "heve.pickchallenge3": {"sounds": [{"name": "heve:heve/pickchallenge3","stream": true}],"category":"master"},
  "heve.pickchallenge4": {"sounds": [{"name": "heve:heve/pickchallenge4","stream": true}],"category":"master"},
  "heve.startchallenge1": {"sounds": [{"name": "heve:heve/startchallenge1","stream": true}],"category":"master"},
  "heve.startchallenge2": {"sounds": [{"name": "heve:heve/startchallenge2","stream": true}],"category":"master"},
  "heve.startchallenge3": {"sounds": [{"name": "heve:heve/startchallenge3","stream": true}],"category":"master"},
  "heve.triviatime1": {"sounds": [{"name": "heve:heve/triviatime1","stream": true}],"category":"master"},
  "heve.triviatime2": {"sounds": [{"name": "heve:heve/triviatime2","stream": true}],"category":"master"},
  "heve.triviatime3": {"sounds": [{"name": "heve:heve/triviatime3","stream": true}],"category":"master"},
  "heve.triviatime4": {"sounds": [{"name": "heve:heve/triviatime4","stream": true}],"category":"master"},
  "heve.triviatime5": {"sounds": [{"name": "heve:heve/triviatime5","stream": true}],"category":"master"},
  "heve.triviatime6": {"sounds": [{"name": "heve:heve/triviatime6","stream": true}],"category":"master"},
  "heve.turfwars1": {"sounds": [{"name": "heve:heve/turfwars1","stream": true}],"category":"master"},
  "heve.turfwars2": {"sounds": [{"name": "heve:heve/turfwars2","stream": true}],"category":"master"},
  "heve.turfwars3": {"sounds": [{"name": "heve:heve/turfwars3","stream": true}],"category":"master"},
  "heve.turfwars4": {"sounds": [{"name": "heve:heve/turfwars4","stream": true}],"category":"master"},
  "heve.turfwars5a": {"sounds": [{"name": "heve:heve/turfwars5a","stream": true}],"category":"master"},
  "heve.turfwars5b": {"sounds": [{"name": "heve:heve/turfwars5b","stream": true}],"category":"master"},
  "heve.turfwars5c": {"sounds": [{"name": "heve:heve/turfwars5c","stream": true}],"category":"master"},
  "heve.turfwars5d": {"sounds": [{"name": "heve:heve/turfwars5d","stream": true}],"category":"master"},
  "heve.turfwars6": {"sounds": [{"name": "heve:heve/turfwars6","stream": true}],"category":"master"},
  "heve.win1": {"sounds": [{"name": "heve:heve/win1","stream": true}],"category":"master"},
  "heve.win2": {"sounds": [{"name": "heve:heve/win2","stream": true}],"category":"master"},
  "heve.win3": {"sounds": [{"name": "heve:heve/win3","stream": true}],"category":"master"},
  "heve.win4": {"sounds": [{"name": "heve:heve/win4","stream": true}],"category":"master"},
  "heve.win5": {"sounds": [{"name": "heve:heve/win5","stream": true}],"category":"master"},
  "heve.win6": {"sounds": [{"name": "heve:heve/win6","stream": true}],"category":"master"},
  "heve.win7": {"sounds": [{"name": "heve:heve/win7","stream": true}],"category":"master"},
  "heve.win8": {"sounds": [{"name": "heve:heve/win8","stream": true}],"category":"master"},
  "heve.wrong1": {"sounds": [{"name": "heve:heve/wrong1","stream": true}],"category":"master"},
  "heve.wrong2": {"sounds": [{"name": "heve:heve/wrong2","stream": true}],"category":"master"},
  "heve.wrong3": {"sounds": [{"name": "heve:heve/wrong3","stream": true}],"category":"master"},
  "heve.wrong4": {"sounds": [{"name": "heve:heve/wrong4","stream": true}],"category":"master"}
}
