{
    "model": {
        "type": "minecraft:range_dispatch",
        "property": "minecraft:custom_model_data",
        "entries": [
            {
                "model": {
                    "type": "minecraft:model",
                    "model": "minecraft:custom/random"
                },
                "threshold": 1.0
            },
            {
                "model": {
                    "type": "minecraft:model",
                    "model": "minecraft:custom/buttonpressed"
                },
                "threshold": 2.0
            },
            {
                "model": {
                    "type": "minecraft:model",
                    "model": "minecraft:custom/buttonnotpressed"
                },
                "threshold": 3.0
            },
            {
                "model": {
                    "type": "minecraft:model",
                    "model": "minecraft:custom/ghost"
                },
                "threshold": 4.0
            },
            {
                "model": {
                    "type": "minecraft:model",
                    "model": "minecraft:custom/play"
                },
                "threshold": 5.0
            },
            {
                "model": {
                    "type": "minecraft:model",
                    "model": "minecraft:custom/settings"
                },
                "threshold": 6.0
            },
            {
                "model": {
                    "type": "minecraft:model",
                    "model": "minecraft:custom/teampressed"
                },
                "threshold": 7.0
            },
            {
                "model": {
                    "type": "minecraft:model",
                    "model": "minecraft:custom/teamnotpressed"
                },
                "threshold": 8.0
            },
            {
                "model": {
                    "type": "minecraft:model",
                    "model": "minecraft:custom/zonepressed"
                },
                "threshold": 9.0
            },
            {
                "model": {
                    "type": "minecraft:model",
                    "model": "minecraft:custom/zonenotpressed"
                },
                "threshold": 10.0
            },
            {
                "model": {
                    "type": "minecraft:model",
                    "model": "minecraft:custom/trophy"
                },
                "threshold": 11.0
            },
            {
                "model": {
                    "type": "minecraft:model",
                    "model": "minecraft:custom/border"
                },
                "threshold": 12.0
            },
            {
                "model": {
                    "type": "minecraft:model",
                    "model": "minecraft:custom/borderclosed"
                },
                "threshold": 13.0
            },
            {
                "model": {
                    "type": "minecraft:model",
                    "model": "minecraft:custom/gamemode"
                },
                "threshold": 14.0
            },
            {
                "model": {
                    "type": "minecraft:model",
                    "model": "minecraft:custom/cosmetics"
                },
                "threshold": 15.0
            },
            {
                "model": {
                    "type": "minecraft:model",
                    "model": "minecraft:custom/gamemodeffa"
                },
                "threshold": 16.0
            },
            {
                "model": {
                    "type": "minecraft:model",
                    "model": "minecraft:custom/arrowgold"
                },
                "threshold": 17.0
            },
            {
                "model": {
                    "type": "minecraft:model",
                    "model": "minecraft:custom/arrowsilver"
                },
                "threshold": 18.0
            },
            {
                "model": {
                    "type": "minecraft:model",
                    "model": "minecraft:custom/gamemodeffateam"
                },
                "threshold": 19.0
            },
            {
                "model": {
                    "type": "minecraft:model",
                    "model": "minecraft:custom/gamemodecapture"
                },
                "threshold": 20.0
            },
            {
                "model": {
                    "type": "minecraft:model",
                    "model": "minecraft:custom/purplething"
                },
                "threshold": 21.0
            },
            {
                "model": {
                    "type": "minecraft:model",
                    "model": "minecraft:custom/limething"
                },
                "threshold": 22.0
            },
            {
                "model": {
                    "type": "minecraft:model",
                    "model": "minecraft:custom/tv"
                },
                "threshold": 23.0
            },
            {
                "model": {
                    "type": "minecraft:model",
                    "model": "minecraft:custom/solocapture"
                },
                "threshold": 24.0
            }
        ],
        "fallback": {
            "type": "minecraft:model",
            "model": "minecraft:item/paper"
        }
    }
}