{
	"textures": {
		"0": "animated_java:blueprint/pigwaharvey/skeleton",
		"particle": "minecraft:item/pufferfish"
	},
	"display": {
		"head": {
			"rotation": [0, 180, 0]
		}
	},
	"elements": [
		{
			"from": [4, 8, 3.9],
			"to": [12, 16, 11.9],
			"rotation": {
				"angle": 0,
				"axis": "y",
				"origin": [8, -4, 7.9]
			},
			"faces": {
				"north": {
					"uv": [2, 4, 4, 8],
					"texture": "#0"
				},
				"east": {
					"uv": [0, 4, 2, 8],
					"texture": "#0"
				},
				"south": {
					"uv": [6, 4, 8, 8],
					"texture": "#0"
				},
				"west": {
					"uv": [4, 4, 6, 8],
					"texture": "#0"
				},
				"up": {
					"uv": [4, 4, 2, 0],
					"texture": "#0"
				},
				"down": {
					"uv": [6, 0, 4, 4],
					"texture": "#0"
				}
			}
		},
		{
			"from": [12, 8, 3.9],
			"to": [4, 16, 11.9],
			"rotation": {
				"angle": 0,
				"axis": "y",
				"origin": [8, -4, 7.9]
			},
			"faces": {
				"north": {
					"uv": [2, 4, 4, 8],
					"texture": "#0"
				},
				"east": {
					"uv": [0, 4, 2, 8],
					"texture": "#0"
				},
				"south": {
					"uv": [6, 4, 8, 8],
					"texture": "#0"
				},
				"west": {
					"uv": [4, 4, 6, 8],
					"texture": "#0"
				},
				"up": {
					"uv": [4, 4, 2, 0],
					"texture": "#0"
				},
				"down": {
					"uv": [6, 0, 4, 4],
					"texture": "#0"
				}
			}
		}
	]
}