{
	"textures": {
		"0": "animated_java:blueprint/pigwaharvey/skeleton",
		"particle": "minecraft:item/pufferfish"
	},
	"display": {
		"head": {
			"rotation": [0, 180, 0]
		}
	},
	"elements": [
		{
			"from": [7, -4, 6.9],
			"to": [9, 8, 8.9],
			"rotation": {
				"angle": 0,
				"axis": "y",
				"origin": [13, -4, 7.9]
			},
			"faces": {
				"north": {
					"uv": [12.5, 9, 12, 15],
					"texture": "#0"
				},
				"east": {
					"uv": [12.5, 9, 12, 15],
					"texture": "#0"
				},
				"south": {
					"uv": [12.5, 9, 12, 15],
					"texture": "#0"
				},
				"west": {
					"uv": [12.5, 9, 12, 15],
					"texture": "#0"
				},
				"up": {
					"uv": [10.5, 9, 11, 8],
					"texture": "#0"
				},
				"down": {
					"uv": [11, 8, 11.5, 9],
					"texture": "#0"
				}
			}
		},
		{
			"from": [6.5, -1.9, 6.4],
			"to": [9.5, 8.1, 9.4],
			"rotation": {
				"angle": 0,
				"axis": "y",
				"origin": [12.5, -1.9, 7.4]
			},
			"faces": {
				"north": {
					"uv": [11.25, 9, 10.5, 14],
					"texture": "#0"
				},
				"east": {
					"uv": [11.75, 9, 11, 14],
					"texture": "#0"
				},
				"south": {
					"uv": [12, 9, 11.25, 14],
					"texture": "#0"
				},
				"west": {
					"uv": [10.75, 9, 10, 14],
					"texture": "#0"
				},
				"up": {
					"uv": [10.25, 9.5, 11, 8],
					"texture": "#0"
				},
				"down": {
					"uv": [11.5, 8, 12, 9],
					"texture": "#0"
				}
			}
		},
		{
			"from": [9.5, -1.9, 6.4],
			"to": [6.5, 8.1, 9.4],
			"rotation": {
				"angle": 0,
				"axis": "y",
				"origin": [15.5, -1.9, 10.4]
			},
			"faces": {
				"north": {
					"uv": [11.25, 9, 10.5, 14],
					"texture": "#0"
				},
				"east": {
					"uv": [11.75, 9, 11, 14],
					"texture": "#0"
				},
				"south": {
					"uv": [12, 9, 11.25, 14],
					"texture": "#0"
				},
				"west": {
					"uv": [10.75, 9, 10, 14],
					"texture": "#0"
				},
				"up": {
					"uv": [10.25, 9.5, 11, 8],
					"texture": "#0"
				},
				"down": {
					"uv": [11.5, 8, 12, 9],
					"texture": "#0"
				}
			}
		}
	]
}