{
	"textures": {
		"0": "animated_java:blueprint/pigwaharvey/skeleton",
		"particle": "minecraft:item/pufferfish"
	},
	"display": {
		"head": {
			"rotation": [0, 180, 0]
		}
	},
	"elements": [
		{
			"from": [4, 8, 5.9],
			"to": [12, 20, 9.9],
			"rotation": {
				"angle": 0,
				"axis": "y",
				"origin": [8, 8, 7.9]
			},
			"faces": {
				"north": {
					"uv": [5, 10, 7, 16],
					"texture": "#0"
				},
				"east": {
					"uv": [4, 10, 5, 16],
					"texture": "#0"
				},
				"south": {
					"uv": [8, 10, 10, 16],
					"texture": "#0"
				},
				"west": {
					"uv": [7, 10, 8, 16],
					"texture": "#0"
				},
				"up": {
					"uv": [7, 10, 5, 8],
					"texture": "#0"
				},
				"down": {
					"uv": [9, 8, 7, 10],
					"texture": "#0"
				}
			}
		},
		{
			"from": [12, 20, 9.9],
			"to": [4, 8, 5.9],
			"rotation": {
				"angle": 0,
				"axis": "y",
				"origin": [8, 8, 7.9]
			},
			"faces": {
				"north": {
					"uv": [8, 16, 10, 10],
					"texture": "#0"
				},
				"east": {
					"uv": [4, 16, 5, 10],
					"texture": "#0"
				},
				"south": {
					"uv": [5, 16, 7, 10],
					"texture": "#0"
				},
				"west": {
					"uv": [7, 16, 8, 10],
					"texture": "#0"
				},
				"up": {
					"uv": [9, 10, 7, 8],
					"texture": "#0"
				},
				"down": {
					"uv": [7, 8, 5, 10],
					"texture": "#0"
				}
			}
		}
	]
}