{
	"credit": "Made with Blockbench",
	"texture_size": [32, 32],
	"textures": {
		"2": "item/arrowsilver",
		"particle": "item/arrowsilver"
	},
	"elements": [
		{
			"from": [5.2, 0.6, 5.8],
			"to": [10.8, 6.2, 10.2],
			"rotation": {"angle": 0, "axis": "y", "origin": [8, -1, 8]},
			"faces": {
				"north": {"uv": [6.5, 6, 9.29688, 8.79688], "texture": "#2"},
				"south": {"uv": [0, 7, 2.79688, 9.79688], "texture": "#2"},
				"up": {"uv": [5.79688, 9.20313, 3, 7], "texture": "#2"},
				"down": {"uv": [8.79688, 9, 6, 11.20313], "texture": "#2"}
			}
		},
		{
			"from": [9.6, 2.6, 5.4],
			"to": [11.2, 4.2, 10.6],
			"rotation": {"angle": 0, "axis": "y", "origin": [8, -1, 8]},
			"faces": {
				"west": {"uv": [9, 9, 11.59375, 9.79688], "texture": "#2"},
				"up": {"uv": [11.59375, 9.79688, 9, 9], "texture": "#2"},
				"down": {"uv": [11.59375, 9, 9, 9.79688], "texture": "#2"}
			}
		},
		{
			"from": [6.4, 5.8, 5.4],
			"to": [8, 6.6, 10.6],
			"rotation": {"angle": 0, "axis": "y", "origin": [8, -1, 8]},
			"faces": {
				"east": {"uv": [9, 9, 11.59375, 9.79688], "texture": "#2"},
				"down": {"uv": [11.59375, 9, 9, 9.79688], "texture": "#2"}
			}
		},
		{
			"from": [4.8, 5, 5.4],
			"to": [6.4, 5.8, 10.6],
			"rotation": {"angle": 0, "axis": "y", "origin": [8, -1, 8]},
			"faces": {
				"east": {"uv": [9, 9, 11.59375, 9.79688], "texture": "#2"},
				"down": {"uv": [11.59375, 9, 9, 9.79688], "texture": "#2"}
			}
		},
		{
			"from": [6.4, 0.2, 5.4],
			"to": [8, 1, 10.6],
			"rotation": {"angle": 0, "axis": "y", "origin": [8, -1, 8]},
			"faces": {
				"east": {"uv": [9, 9, 11.59375, 9.79688], "texture": "#2"},
				"up": {"uv": [11.59375, 9.79688, 9, 9], "texture": "#2"}
			}
		},
		{
			"from": [4.8, 1, 5.4],
			"to": [6.4, 1.8, 10.6],
			"rotation": {"angle": 0, "axis": "y", "origin": [8, -1, 8]},
			"faces": {
				"east": {"uv": [9, 9, 11.59375, 9.79688], "texture": "#2"},
				"up": {"uv": [11.59375, 9.79688, 9, 9], "texture": "#2"}
			}
		},
		{
			"from": [11.2, 6.6, 10.6],
			"to": [4.8, 0.2, 5.4],
			"rotation": {"angle": 0, "axis": "y", "origin": [8, -1, 8]},
			"faces": {
				"north": {"uv": [0, 0, 3.20313, 3.20313], "texture": "#2"},
				"east": {"uv": [3.5, 0, 6.09375, 3.20313], "texture": "#2"},
				"south": {"uv": [0, 3.5, 3.20313, 6.70313], "texture": "#2"},
				"west": {"uv": [3.5, 3.5, 6.09375, 6.70313], "texture": "#2"},
				"up": {"uv": [9.70313, 2.59375, 6.5, 0], "texture": "#2"},
				"down": {"uv": [9.70313, 3, 6.5, 5.59375], "texture": "#2"}
			}
		},
		{
			"from": [11.2, 6.6, 10.6],
			"to": [11.2, 0.2, 5.4],
			"rotation": {"angle": 0, "axis": "y", "origin": [8, -1, 8]},
			"faces": {
				"north": {"uv": [0, 0, 3.20313, 3.20313], "texture": "#2"},
				"east": {"uv": [3.5, 3.5, 6.09375, 6.70313], "texture": "#2"},
				"south": {"uv": [0, 3.5, 3.20313, 6.70313], "texture": "#2"},
				"west": {"uv": [3.5, 3.5, 6.09375, 6.70313], "texture": "#2"},
				"up": {"uv": [9.70313, 2.59375, 6.5, 0], "texture": "#2"},
				"down": {"uv": [9.70313, 3, 6.5, 5.59375], "texture": "#2"}
			}
		}
	],
	"groups": [
		{
			"name": ">",
			"origin": [0, 0, 0],
			"color": 0,
			"nbt": "{}",
			"children": [
				{
					"name": ">",
					"origin": [0, 0, 0],
					"color": 0,
					"nbt": "{}",
					"children": [0, 1, 2, 3, 4, 5, 6, 7]
				}
			]
		}
	]
}