{
	"credit": "Made with Blockbench",
	"textures": {
		"2": "item/cosmetics",
		"particle": "item/cosmetics"
	},
	"elements": [
		{
			"from": [13.6, 0.1, 7.45],
			"to": [15, 2.1, 8.55],
			"rotation": {"angle": 0, "axis": "y", "origin": [8, 0, 8]},
			"faces": {
				"north": {"uv": [2, 9, 3.40625, 11], "texture": "#2"},
				"south": {"uv": [6, 9, 7.40625, 11], "texture": "#2"},
				"up": {"uv": [13.40625, 3.09375, 12, 2], "texture": "#2"},
				"down": {"uv": [13.40625, 4, 12, 5.09375], "texture": "#2"}
			}
		},
		{
			"from": [13.5, 0.6, 7.35],
			"to": [14.3, 1.6, 8.65],
			"rotation": {"angle": 0, "axis": "y", "origin": [8, 0, 8]},
			"faces": {
				"east": {"uv": [13, 6, 14.3125, 7], "texture": "#2"},
				"up": {"uv": [14.3125, 7, 13, 6], "texture": "#2"},
				"down": {"uv": [14.3125, 6, 13, 7], "texture": "#2"}
			}
		},
		{
			"from": [15.1, 2.2, 8.65],
			"to": [13.5, 0, 7.35],
			"rotation": {"angle": 0, "axis": "y", "origin": [8, 0, 8]},
			"faces": {
				"north": {"uv": [2, 3, 3.59375, 5.1875], "texture": "#2"},
				"east": {"uv": [6, 6, 7.3125, 6.59375], "texture": "#2"},
				"south": {"uv": [4, 2, 5.59375, 4.1875], "texture": "#2"},
				"west": {"uv": [0, 8, 1.3125, 10.1875], "texture": "#2"},
				"up": {"uv": [1.3125, 10.1875, 0, 8], "texture": "#2"},
				"down": {"uv": [1.3125, 8, 0, 10.1875], "texture": "#2"}
			}
		},
		{
			"from": [15.1, 2.2, 8.65],
			"to": [15.1, 0, 7.35],
			"rotation": {"angle": 0, "axis": "y", "origin": [8, 0, 8]},
			"faces": {
				"north": {"uv": [2, 3, 3.59375, 5.1875], "texture": "#2"},
				"east": {"uv": [6, 6, 7.3125, 6.59375], "texture": "#2"},
				"south": {"uv": [4, 2, 5.59375, 4.1875], "texture": "#2"},
				"west": {"uv": [0, 8, 1.3125, 10.1875], "texture": "#2"},
				"up": {"uv": [1.3125, 10.1875, 0, 8], "texture": "#2"},
				"down": {"uv": [1.3125, 8, 0, 10.1875], "texture": "#2"}
			}
		},
		{
			"from": [12, 0.1, 7.45],
			"to": [13.4, 2.1, 8.55],
			"rotation": {"angle": 0, "axis": "y", "origin": [8, 0, 8]},
			"faces": {
				"north": {"uv": [10, 0, 11.40625, 2], "texture": "#2"},
				"south": {"uv": [10, 2, 11.40625, 4], "texture": "#2"},
				"up": {"uv": [13.40625, 9.09375, 12, 8], "texture": "#2"},
				"down": {"uv": [11.40625, 12, 10, 13.09375], "texture": "#2"}
			}
		},
		{
			"from": [13.5, 2.2, 8.65],
			"to": [11.9, 0, 7.35],
			"rotation": {"angle": 0, "axis": "y", "origin": [8, 0, 8]},
			"faces": {
				"north": {"uv": [0, 8, 1.3125, 10.1875], "texture": "#2"},
				"east": {"uv": [0, 8, 1.3125, 10.1875], "texture": "#2"},
				"south": {"uv": [0, 8, 1.3125, 10.1875], "texture": "#2"},
				"west": {"uv": [0, 8, 1.3125, 10.1875], "texture": "#2"},
				"up": {"uv": [1.3125, 10.1875, 0, 8], "texture": "#2"},
				"down": {"uv": [1.3125, 8, 0, 10.1875], "texture": "#2"}
			}
		},
		{
			"from": [10.4, 0.1, 7.45],
			"to": [11.8, 2.1, 8.55],
			"rotation": {"angle": 0, "axis": "y", "origin": [8, 0, 8]},
			"faces": {
				"north": {"uv": [10, 4, 11.40625, 6], "texture": "#2"},
				"south": {"uv": [10, 8, 11.40625, 10], "texture": "#2"},
				"up": {"uv": [13.40625, 11.09375, 12, 10], "texture": "#2"},
				"down": {"uv": [13.40625, 12, 12, 13.09375], "texture": "#2"}
			}
		},
		{
			"from": [11.1, 0.6, 7.35],
			"to": [11.9, 0.8, 8.65],
			"rotation": {"angle": 0, "axis": "y", "origin": [8, 0, 8]},
			"faces": {
				"west": {"uv": [0, 8, 1.3125, 10.1875], "texture": "#2"},
				"up": {"uv": [1.3125, 10.1875, 0, 8], "texture": "#2"},
				"down": {"uv": [1.3125, 8, 0, 10.1875], "texture": "#2"}
			}
		},
		{
			"from": [10.3, 1.4, 7.35],
			"to": [11.1, 1.6, 8.65],
			"rotation": {"angle": 0, "axis": "y", "origin": [8, 0, 8]},
			"faces": {
				"east": {"uv": [0, 8, 1.3125, 10.1875], "texture": "#2"},
				"up": {"uv": [1.3125, 10.1875, 0, 8], "texture": "#2"},
				"down": {"uv": [1.3125, 8, 0, 10.1875], "texture": "#2"}
			}
		},
		{
			"from": [11.9, 2.2, 8.65],
			"to": [10.3, 0, 7.35],
			"rotation": {"angle": 0, "axis": "y", "origin": [8, 0, 8]},
			"faces": {
				"north": {"uv": [0, 5, 1.59375, 7.1875], "texture": "#2"},
				"east": {"uv": [8, 0, 9.3125, 2.1875], "texture": "#2"},
				"south": {"uv": [4, 5, 5.59375, 7.1875], "texture": "#2"},
				"west": {"uv": [8, 3, 9.3125, 5.1875], "texture": "#2"},
				"up": {"uv": [1.3125, 10.1875, 0, 8], "texture": "#2"},
				"down": {"uv": [1.3125, 8, 0, 10.1875], "texture": "#2"}
			}
		},
		{
			"from": [8.2, 0.1, 7.45],
			"to": [10.2, 2.1, 8.55],
			"rotation": {"angle": 0, "axis": "y", "origin": [8, 0, 8]},
			"faces": {
				"north": {"uv": [0, 3, 2, 5], "texture": "#2"},
				"east": {"uv": [6, 11, 7.09375, 13], "texture": "#2"},
				"south": {"uv": [3, 0, 5, 2], "texture": "#2"},
				"west": {"uv": [6, 11, 7.09375, 13], "texture": "#2"},
				"up": {"uv": [13, 7.09375, 11, 6], "texture": "#2"},
				"down": {"uv": [10, 11, 8, 12.09375], "texture": "#2"}
			}
		},
		{
			"from": [9, 0.5, 7.45],
			"to": [9.4, 0.5, 8.55],
			"rotation": {"angle": 0, "axis": "y", "origin": [8, 0, 8]},
			"faces": {
				"down": {"uv": [14.40625, 4, 14, 5.09375], "texture": "#2"}
			}
		},
		{
			"from": [8.9, 1.8, 7.35],
			"to": [9.5, 2.2, 8.65],
			"rotation": {"angle": 0, "axis": "y", "origin": [8, 0, 8]},
			"faces": {
				"east": {"uv": [0, 8, 1.3125, 10.1875], "texture": "#2"},
				"west": {"uv": [0, 8, 1.3125, 10.1875], "texture": "#2"},
				"down": {"uv": [9.59375, 13, 9, 14.3125], "texture": "#2"}
			}
		},
		{
			"from": [9.1, 1.4, 7.35],
			"to": [9.3, 1.8, 8.65],
			"rotation": {"angle": 0, "axis": "y", "origin": [8, 0, 8]},
			"faces": {
				"east": {"uv": [0, 8, 1.3125, 10.1875], "texture": "#2"},
				"west": {"uv": [0, 8, 1.3125, 10.1875], "texture": "#2"},
				"down": {"uv": [1.3125, 8, 0, 10.1875], "texture": "#2"}
			}
		},
		{
			"from": [8.9, 0, 7.35],
			"to": [9.5, 0.4, 8.65],
			"rotation": {"angle": 0, "axis": "y", "origin": [8, 0, 8]},
			"faces": {
				"east": {"uv": [0, 8, 1.3125, 10.1875], "texture": "#2"},
				"west": {"uv": [0, 8, 1.3125, 10.1875], "texture": "#2"},
				"up": {"uv": [1.3125, 10.1875, 0, 8], "texture": "#2"}
			}
		},
		{
			"from": [10.3, 2.2, 8.65],
			"to": [8.1, 0, 7.35],
			"rotation": {"angle": 0, "axis": "y", "origin": [8, 0, 8]},
			"faces": {
				"north": {"uv": [0, 0, 2.1875, 2.1875], "texture": "#2"},
				"east": {"uv": [0, 8, 1.3125, 10.1875], "texture": "#2"},
				"south": {"uv": [0, 0, 2.1875, 2.1875], "texture": "#2"},
				"west": {"uv": [0, 8, 1.3125, 10.1875], "texture": "#2"},
				"up": {"uv": [10.1875, 7.3125, 8, 6], "texture": "#2"},
				"down": {"uv": [10.1875, 6, 8, 7.3125], "texture": "#2"}
			}
		},
		{
			"from": [6.6, 0.1, 7.45],
			"to": [8, 2.1, 8.55],
			"rotation": {"angle": 0, "axis": "y", "origin": [8, 0, 8]},
			"faces": {
				"north": {"uv": [10, 10, 11.40625, 12], "texture": "#2"},
				"south": {"uv": [0, 11, 1.40625, 13], "texture": "#2"},
				"up": {"uv": [1.40625, 14.09375, 0, 13], "texture": "#2"},
				"down": {"uv": [3.40625, 13, 2, 14.09375], "texture": "#2"}
			}
		},
		{
			"from": [6.5, 1.4, 7.35],
			"to": [7.3, 1.6, 8.65],
			"rotation": {"angle": 0, "axis": "y", "origin": [8, 0, 8]},
			"faces": {
				"east": {"uv": [0, 8, 1.3125, 10.1875], "texture": "#2"},
				"up": {"uv": [1.3125, 10.1875, 0, 8], "texture": "#2"},
				"down": {"uv": [1.3125, 8, 0, 10.1875], "texture": "#2"}
			}
		},
		{
			"from": [6.5, 0.6, 7.35],
			"to": [7.3, 0.8, 8.65],
			"rotation": {"angle": 0, "axis": "y", "origin": [8, 0, 8]},
			"faces": {
				"east": {"uv": [0, 8, 1.3125, 10.1875], "texture": "#2"},
				"up": {"uv": [1.3125, 10.1875, 0, 8], "texture": "#2"},
				"down": {"uv": [1.3125, 8, 0, 10.1875], "texture": "#2"}
			}
		},
		{
			"from": [8.1, 2.2, 8.65],
			"to": [6.5, 0, 7.35],
			"rotation": {"angle": 0, "axis": "y", "origin": [8, 0, 8]},
			"faces": {
				"north": {"uv": [6, 0, 7.59375, 2.1875], "texture": "#2"},
				"east": {"uv": [4, 8, 5.3125, 10.1875], "texture": "#2"},
				"south": {"uv": [2, 6, 3.59375, 8.1875], "texture": "#2"},
				"west": {"uv": [0, 8, 1.3125, 10.1875], "texture": "#2"},
				"up": {"uv": [1.3125, 10.1875, 0, 8], "texture": "#2"},
				"down": {"uv": [1.3125, 8, 0, 10.1875], "texture": "#2"}
			}
		},
		{
			"from": [5, 0.1, 7.45],
			"to": [6.4, 2.1, 8.55],
			"rotation": {"angle": 0, "axis": "y", "origin": [8, 0, 8]},
			"faces": {
				"north": {"uv": [2, 11, 3.40625, 13], "texture": "#2"},
				"south": {"uv": [4, 11, 5.40625, 13], "texture": "#2"},
				"up": {"uv": [5.40625, 14.09375, 4, 13], "texture": "#2"},
				"down": {"uv": [7.40625, 13, 6, 14.09375], "texture": "#2"}
			}
		},
		{
			"from": [6.1, 0, 7.35],
			"to": [6.5, 1.6, 8.65],
			"rotation": {"angle": 0, "axis": "y", "origin": [8, 0, 8]},
			"faces": {
				"west": {"uv": [0, 8, 1.3125, 10.1875], "texture": "#2"},
				"up": {"uv": [1.3125, 10.1875, 0, 8], "texture": "#2"}
			}
		},
		{
			"from": [4.9, 0, 7.35],
			"to": [5.3, 1.6, 8.65],
			"rotation": {"angle": 0, "axis": "y", "origin": [8, 0, 8]},
			"faces": {
				"east": {"uv": [0, 8, 1.3125, 10.1875], "texture": "#2"},
				"up": {"uv": [1.3125, 10.1875, 0, 8], "texture": "#2"}
			}
		},
		{
			"from": [6.5, 2.2, 8.65],
			"to": [4.9, 0, 7.35],
			"rotation": {"angle": 0, "axis": "y", "origin": [8, 0, 8]},
			"faces": {
				"north": {"uv": [6, 3, 7.59375, 5.1875], "texture": "#2"},
				"east": {"uv": [8, 8, 9.3125, 10.1875], "texture": "#2"},
				"south": {"uv": [6, 3, 7.59375, 5.1875], "texture": "#2"},
				"west": {"uv": [8, 8, 9.3125, 10.1875], "texture": "#2"},
				"up": {"uv": [13.59375, 1.3125, 12, 0], "texture": "#2"},
				"down": {"uv": [1.3125, 8, 0, 10.1875], "texture": "#2"}
			}
		},
		{
			"from": [4.2, 0.1, 7.45],
			"to": [4.8, 2.1, 8.55],
			"rotation": {"angle": 0, "axis": "y", "origin": [8, 0, 8]},
			"faces": {
				"north": {"uv": [5, 0, 5.59375, 2], "texture": "#2"},
				"south": {"uv": [8, 13, 8.59375, 15], "texture": "#2"},
				"up": {"uv": [14.59375, 1.09375, 14, 0], "texture": "#2"},
				"down": {"uv": [14.59375, 2, 14, 3.09375], "texture": "#2"}
			}
		},
		{
			"from": [4.9, 2.2, 8.65],
			"to": [4.1, 0, 7.35],
			"rotation": {"angle": 0, "axis": "y", "origin": [8, 0, 8]},
			"faces": {
				"north": {"uv": [0, 8, 1.3125, 10.1875], "texture": "#2"},
				"east": {"uv": [0, 8, 1.3125, 10.1875], "texture": "#2"},
				"south": {"uv": [0, 8, 1.3125, 10.1875], "texture": "#2"},
				"west": {"uv": [0, 8, 1.3125, 10.1875], "texture": "#2"},
				"up": {"uv": [1.3125, 10.1875, 0, 8], "texture": "#2"},
				"down": {"uv": [1.3125, 8, 0, 10.1875], "texture": "#2"}
			}
		},
		{
			"from": [2.6, 0.1, 7.45],
			"to": [4, 2.1, 8.55],
			"rotation": {"angle": 0, "axis": "y", "origin": [8, 0, 8]},
			"faces": {
				"north": {"uv": [2, 9, 3.40625, 11], "texture": "#2"},
				"south": {"uv": [6, 9, 7.40625, 11], "texture": "#2"},
				"up": {"uv": [13.40625, 3.09375, 12, 2], "texture": "#2"},
				"down": {"uv": [13.40625, 4, 12, 5.09375], "texture": "#2"}
			}
		},
		{
			"from": [2.5, 0.6, 7.35],
			"to": [3.3, 1.6, 8.65],
			"rotation": {"angle": 0, "axis": "y", "origin": [8, 0, 8]},
			"faces": {
				"east": {"uv": [13, 6, 14.3125, 7], "texture": "#2"},
				"up": {"uv": [14.3125, 7, 13, 6], "texture": "#2"},
				"down": {"uv": [14.3125, 6, 13, 7], "texture": "#2"}
			}
		},
		{
			"from": [4.1, 2.2, 8.65],
			"to": [2.5, 0, 7.35],
			"rotation": {"angle": 0, "axis": "y", "origin": [8, 0, 8]},
			"faces": {
				"north": {"uv": [2, 3, 3.59375, 5.1875], "texture": "#2"},
				"east": {"uv": [6, 6, 7.3125, 8.1875], "texture": "#2"},
				"south": {"uv": [4, 2, 5.59375, 4.1875], "texture": "#2"},
				"west": {"uv": [0, 8, 1.3125, 10.1875], "texture": "#2"},
				"up": {"uv": [1.3125, 10.1875, 0, 8], "texture": "#2"},
				"down": {"uv": [1.3125, 8, 0, 10.1875], "texture": "#2"}
			}
		},
		{
			"from": [1, 0.1, 7.45],
			"to": [2.4, 2.1, 8.55],
			"rotation": {"angle": 0, "axis": "y", "origin": [8, 0, 8]},
			"faces": {
				"north": {"uv": [10, 4, 11.40625, 6], "texture": "#2"},
				"south": {"uv": [10, 8, 11.40625, 10], "texture": "#2"},
				"up": {"uv": [13.40625, 11.09375, 12, 10], "texture": "#2"},
				"down": {"uv": [13.40625, 12, 12, 13.09375], "texture": "#2"}
			}
		},
		{
			"from": [1.7, 0.6, 7.35],
			"to": [2.5, 0.8, 8.65],
			"rotation": {"angle": 0, "axis": "y", "origin": [8, 0, 8]},
			"faces": {
				"west": {"uv": [0, 8, 1.3125, 10.1875], "texture": "#2"},
				"up": {"uv": [1.3125, 10.1875, 0, 8], "texture": "#2"},
				"down": {"uv": [1.3125, 8, 0, 10.1875], "texture": "#2"}
			}
		},
		{
			"from": [0.9, 1.4, 7.35],
			"to": [1.7, 1.6, 8.65],
			"rotation": {"angle": 0, "axis": "y", "origin": [8, 0, 8]},
			"faces": {
				"east": {"uv": [0, 8, 1.3125, 10.1875], "texture": "#2"},
				"up": {"uv": [1.3125, 10.1875, 0, 8], "texture": "#2"},
				"down": {"uv": [1.3125, 8, 0, 10.1875], "texture": "#2"}
			}
		},
		{
			"from": [2.5, 2.2, 8.65],
			"to": [0.9, 0, 7.35],
			"rotation": {"angle": 0, "axis": "y", "origin": [8, 0, 8]},
			"faces": {
				"north": {"uv": [0, 5, 1.59375, 7.1875], "texture": "#2"},
				"east": {"uv": [8, 0, 9.3125, 2.1875], "texture": "#2"},
				"south": {"uv": [4, 5, 5.59375, 7.1875], "texture": "#2"},
				"west": {"uv": [8, 3, 9.3125, 5.1875], "texture": "#2"},
				"up": {"uv": [1.3125, 10.1875, 0, 8], "texture": "#2"},
				"down": {"uv": [1.3125, 8, 0, 10.1875], "texture": "#2"}
			}
		},
		{
			"from": [0.9, 2.2, 8.65],
			"to": [0.9, 0, 7.35],
			"rotation": {"angle": 0, "axis": "y", "origin": [8, 0, 8]},
			"faces": {
				"north": {"uv": [0, 5, 1.59375, 7.1875], "texture": "#2"},
				"east": {"uv": [8, 0, 9.3125, 2.1875], "texture": "#2"},
				"south": {"uv": [4, 5, 5.59375, 7.1875], "texture": "#2"},
				"west": {"uv": [8, 5.1875, 9.3125, 3], "texture": "#2"},
				"up": {"uv": [1.3125, 10.1875, 0, 8], "texture": "#2"},
				"down": {"uv": [1.3125, 8, 0, 10.1875], "texture": "#2"}
			}
		}
	],
	"groups": [
		{
			"name": "cosmetics",
			"origin": [0, 0, 0],
			"color": 0,
			"nbt": "{}",
			"children": [
				{
					"name": "c",
					"origin": [0, 0, 0],
					"color": 0,
					"nbt": "{}",
					"children": [0, 1, 2, 3]
				},
				{
					"name": "o",
					"origin": [0, 0, 0],
					"color": 0,
					"nbt": "{}",
					"children": [4, 5]
				},
				{
					"name": "s",
					"origin": [0, 0, 0],
					"color": 0,
					"nbt": "{}",
					"children": [6, 7, 8, 9]
				},
				{
					"name": "m",
					"origin": [0, 0, 0],
					"color": 0,
					"nbt": "{}",
					"children": [10, 11, 12, 13, 14, 15]
				},
				{
					"name": "e",
					"origin": [0, 0, 0],
					"color": 0,
					"nbt": "{}",
					"children": [16, 17, 18, 19]
				},
				{
					"name": "t",
					"origin": [0, 0, 0],
					"color": 0,
					"nbt": "{}",
					"children": [20, 21, 22, 23]
				},
				{
					"name": "i",
					"origin": [0, 0, 0],
					"color": 0,
					"nbt": "{}",
					"children": [24, 25]
				},
				{
					"name": "c",
					"origin": [0, 0, 0],
					"color": 0,
					"nbt": "{}",
					"children": [26, 27, 28]
				},
				{
					"name": "s",
					"origin": [0, 0, 0],
					"color": 0,
					"nbt": "{}",
					"children": [29, 30, 31, 32, 33]
				}
			]
		}
	]
}