{
	"credit": "Made with Blockbench",
	"texture_size": [32, 32],
	"textures": {
		"2": "item/gamemodecapture"
	},
	"elements": [
		{
			"from": [24.09, 6.2, 6.9],
			"to": [26.89, 10.2, 9.1],
			"rotation": {"angle": 0, "axis": "y", "origin": [7.25, 6, 8]},
			"faces": {
				"north": {"uv": [4.5, 0, 5.90625, 2], "texture": "#2"},
				"south": {"uv": [5.5, 9, 6.90625, 11], "texture": "#2"},
				"up": {"uv": [12.90625, 11.59375, 11.5, 10.5], "texture": "#2"},
				"down": {"uv": [2.90625, 12, 1.5, 13.09375], "texture": "#2"}
			}
		},
		{
			"from": [26.29, 6, 6.7],
			"to": [27.09, 9.2, 9.3],
			"rotation": {"angle": 0, "axis": "y", "origin": [7.25, 6, 8]},
			"faces": {
				"west": {"uv": [0, 11.5, 1.29688, 13.09375], "texture": "#2"},
				"up": {"uv": [1.29688, 13.09375, 0, 11.5], "texture": "#2"}
			}
		},
		{
			"from": [23.89, 6, 6.7],
			"to": [24.69, 9.2, 9.3],
			"rotation": {"angle": 0, "axis": "y", "origin": [7.25, 6, 8]},
			"faces": {
				"east": {"uv": [0, 11.5, 1.29688, 13.09375], "texture": "#2"},
				"up": {"uv": [1.29688, 13.09375, 0, 11.5], "texture": "#2"}
			}
		},
		{
			"from": [27.09, 10.4, 9.3],
			"to": [23.89, 6, 6.7],
			"rotation": {"angle": 0, "axis": "y", "origin": [7.25, 6, 8]},
			"faces": {
				"north": {"uv": [2, 2.5, 3.59375, 4.70313], "texture": "#2"},
				"east": {"uv": [4, 7, 5.29688, 9.20313], "texture": "#2"},
				"south": {"uv": [2, 2.5, 3.59375, 4.70313], "texture": "#2"},
				"west": {"uv": [4, 7, 5.29688, 9.20313], "texture": "#2"},
				"up": {"uv": [4.59375, 12.79688, 3, 11.5], "texture": "#2"},
				"down": {"uv": [1.29688, 11.5, 0, 13.09375], "texture": "#2"}
			}
		},
		{
			"from": [20.89, 6.2, 6.9],
			"to": [23.69, 10.2, 9.1],
			"rotation": {"angle": 0, "axis": "y", "origin": [7.25, 6, 8]},
			"faces": {
				"north": {"uv": [0, 9.5, 1.40625, 11.5], "texture": "#2"},
				"south": {"uv": [9.5, 0, 10.90625, 2], "texture": "#2"},
				"up": {"uv": [7.90625, 13.09375, 6.5, 12], "texture": "#2"},
				"down": {"uv": [9.40625, 12, 8, 13.09375], "texture": "#2"}
			}
		},
		{
			"from": [20.69, 8.8, 6.7],
			"to": [22.29, 9.2, 9.3],
			"rotation": {"angle": 0, "axis": "y", "origin": [7.25, 6, 8]},
			"faces": {
				"east": {"uv": [0, 11.5, 1.29688, 13.09375], "texture": "#2"},
				"up": {"uv": [1.29688, 13.09375, 0, 11.5], "texture": "#2"},
				"down": {"uv": [1.29688, 11.5, 0, 13.09375], "texture": "#2"}
			}
		},
		{
			"from": [20.69, 7.2, 6.7],
			"to": [22.29, 7.6, 9.3],
			"rotation": {"angle": 0, "axis": "y", "origin": [7.25, 6, 8]},
			"faces": {
				"east": {"uv": [0, 11.5, 1.29688, 13.09375], "texture": "#2"},
				"up": {"uv": [1.29688, 13.09375, 0, 11.5], "texture": "#2"},
				"down": {"uv": [1.29688, 11.5, 0, 13.09375], "texture": "#2"}
			}
		},
		{
			"from": [23.89, 10.4, 9.3],
			"to": [20.69, 6, 6.7],
			"rotation": {"angle": 0, "axis": "y", "origin": [7.25, 6, 8]},
			"faces": {
				"north": {"uv": [4, 2, 5.59375, 4.20313], "texture": "#2"},
				"east": {"uv": [2, 7.5, 3.29688, 9.70313], "texture": "#2"},
				"south": {"uv": [0, 4.5, 1.59375, 6.70313], "texture": "#2"},
				"west": {"uv": [0, 11.5, 1.29688, 13.09375], "texture": "#2"},
				"up": {"uv": [1.29688, 13.09375, 0, 11.5], "texture": "#2"},
				"down": {"uv": [1.29688, 11.5, 0, 13.09375], "texture": "#2"}
			}
		},
		{
			"from": [17.69, 6.2, 6.9],
			"to": [20.49, 10.2, 9.1],
			"rotation": {"angle": 0, "axis": "y", "origin": [7.25, 6, 8]},
			"faces": {
				"north": {"uv": [9.5, 2, 10.90625, 4], "texture": "#2"},
				"south": {"uv": [3.5, 9.5, 4.90625, 11.5], "texture": "#2"},
				"up": {"uv": [10.90625, 13.09375, 9.5, 12], "texture": "#2"},
				"down": {"uv": [12.40625, 12, 11, 13.09375], "texture": "#2"}
			}
		},
		{
			"from": [20.69, 10.4, 9.3],
			"to": [17.49, 6, 6.7],
			"rotation": {"angle": 0, "axis": "y", "origin": [7.25, 6, 8]},
			"faces": {
				"north": {"uv": [0, 11.5, 1.29688, 13.09375], "texture": "#2"},
				"east": {"uv": [0, 11.5, 1.29688, 13.09375], "texture": "#2"},
				"south": {"uv": [0, 11.5, 1.29688, 13.09375], "texture": "#2"},
				"west": {"uv": [0, 11.5, 1.29688, 13.09375], "texture": "#2"},
				"up": {"uv": [1.29688, 13.09375, 0, 11.5], "texture": "#2"},
				"down": {"uv": [1.29688, 11.5, 0, 13.09375], "texture": "#2"}
			}
		},
		{
			"from": [13.29, 6.2, 6.9],
			"to": [17.29, 10.2, 9.1],
			"rotation": {"angle": 0, "axis": "y", "origin": [7.25, 6, 8]},
			"faces": {
				"north": {"uv": [0, 2.5, 2, 4.5], "texture": "#2"},
				"east": {"uv": [5, 11, 6.09375, 13], "texture": "#2"},
				"south": {"uv": [2.5, 0, 4.5, 2], "texture": "#2"},
				"west": {"uv": [5, 11, 6.09375, 13], "texture": "#2"},
				"up": {"uv": [13, 7.09375, 11, 6], "texture": "#2"},
				"down": {"uv": [13, 7.5, 11, 8.59375], "texture": "#2"}
			}
		},
		{
			"from": [14.89, 7, 6.9],
			"to": [15.69, 7, 9.1],
			"rotation": {"angle": 0, "axis": "y", "origin": [7.25, 6, 8]},
			"faces": {
				"down": {"uv": [3.90625, 7.5, 3.5, 8.59375], "texture": "#2"}
			}
		},
		{
			"from": [14.69, 9.6, 6.7],
			"to": [15.89, 10.4, 9.3],
			"rotation": {"angle": 0, "axis": "y", "origin": [7.25, 6, 8]},
			"faces": {
				"east": {"uv": [0, 11.5, 1.29688, 13.09375], "texture": "#2"},
				"west": {"uv": [0, 11.5, 1.29688, 13.09375], "texture": "#2"},
				"down": {"uv": [2.09375, 13.5, 1.5, 14.79688], "texture": "#2"}
			}
		},
		{
			"from": [15.09, 8.8, 6.7],
			"to": [15.49, 9.6, 9.3],
			"rotation": {"angle": 0, "axis": "y", "origin": [7.25, 6, 8]},
			"faces": {
				"east": {"uv": [0, 11.5, 1.29688, 13.09375], "texture": "#2"},
				"west": {"uv": [0, 11.5, 1.29688, 13.09375], "texture": "#2"},
				"down": {"uv": [1.29688, 11.5, 0, 13.09375], "texture": "#2"}
			}
		},
		{
			"from": [14.69, 6, 6.7],
			"to": [15.89, 6.8, 9.3],
			"rotation": {"angle": 0, "axis": "y", "origin": [7.25, 6, 8]},
			"faces": {
				"east": {"uv": [0, 11.5, 1.29688, 13.09375], "texture": "#2"},
				"west": {"uv": [0, 11.5, 1.29688, 13.09375], "texture": "#2"},
				"up": {"uv": [1.29688, 13.09375, 0, 11.5], "texture": "#2"}
			}
		},
		{
			"from": [17.49, 10.4, 9.3],
			"to": [13.09, 6, 6.7],
			"rotation": {"angle": 0, "axis": "y", "origin": [7.25, 6, 8]},
			"faces": {
				"north": {"uv": [0, 0, 2.20313, 2.20313], "texture": "#2"},
				"east": {"uv": [0, 11.5, 1.29688, 13.09375], "texture": "#2"},
				"south": {"uv": [0, 0, 2.20313, 2.20313], "texture": "#2"},
				"west": {"uv": [0, 11.5, 1.29688, 13.09375], "texture": "#2"},
				"up": {"uv": [7.70313, 8.79688, 5.5, 7.5], "texture": "#2"},
				"down": {"uv": [7.70313, 7.5, 5.5, 8.79688], "texture": "#2"}
			}
		},
		{
			"from": [10.09, 6.2, 6.9],
			"to": [12.89, 10.2, 9.1],
			"rotation": {"angle": 0, "axis": "y", "origin": [7.25, 6, 8]},
			"faces": {
				"north": {"uv": [9.5, 4, 10.90625, 6], "texture": "#2"},
				"south": {"uv": [9.5, 6, 10.90625, 8], "texture": "#2"},
				"up": {"uv": [13.90625, 1.09375, 12.5, 0], "texture": "#2"},
				"down": {"uv": [13.90625, 1.5, 12.5, 2.59375], "texture": "#2"}
			}
		},
		{
			"from": [11.49, 7.2, 6.7],
			"to": [13.09, 7.6, 9.3],
			"rotation": {"angle": 0, "axis": "y", "origin": [7.25, 6, 8]},
			"faces": {
				"west": {"uv": [0, 11.5, 1.29688, 13.09375], "texture": "#2"},
				"up": {"uv": [1.29688, 13.09375, 0, 11.5], "texture": "#2"},
				"down": {"uv": [1.29688, 11.5, 0, 13.09375], "texture": "#2"}
			}
		},
		{
			"from": [9.89, 8.8, 6.7],
			"to": [11.49, 9.2, 9.3],
			"rotation": {"angle": 0, "axis": "y", "origin": [7.25, 6, 8]},
			"faces": {
				"east": {"uv": [0, 11.5, 1.29688, 13.09375], "texture": "#2"},
				"up": {"uv": [1.29688, 13.09375, 0, 11.5], "texture": "#2"},
				"down": {"uv": [1.29688, 11.5, 0, 13.09375], "texture": "#2"}
			}
		},
		{
			"from": [13.09, 10.4, 9.3],
			"to": [9.89, 6, 6.7],
			"rotation": {"angle": 0, "axis": "y", "origin": [7.25, 6, 8]},
			"faces": {
				"north": {"uv": [4, 4.5, 5.59375, 6.70313], "texture": "#2"},
				"east": {"uv": [8, 0, 9.29688, 2.20313], "texture": "#2"},
				"south": {"uv": [2, 5, 3.59375, 7.20313], "texture": "#2"},
				"west": {"uv": [8, 2.5, 9.29688, 4.70313], "texture": "#2"},
				"up": {"uv": [1.29688, 13.09375, 0, 11.5], "texture": "#2"},
				"down": {"uv": [1.29688, 11.5, 0, 13.09375], "texture": "#2"}
			}
		},
		{
			"from": [6.31, 6.2, 6.9],
			"to": [9.11, 10.2, 9.1],
			"rotation": {"angle": 0, "axis": "y", "origin": [6.75, 6, 8]},
			"faces": {
				"north": {"uv": [9.5, 8, 10.90625, 10], "texture": "#2"},
				"south": {"uv": [1.5, 10, 2.90625, 12], "texture": "#2"},
				"up": {"uv": [13.90625, 4.09375, 12.5, 3], "texture": "#2"},
				"down": {"uv": [13.90625, 4.5, 12.5, 5.59375], "texture": "#2"}
			}
		},
		{
			"from": [6.11, 7.2, 6.7],
			"to": [7.71, 9.2, 9.3],
			"rotation": {"angle": 0, "axis": "y", "origin": [6.75, 6, 8]},
			"faces": {
				"east": {"uv": [0, 13.5, 1.29688, 14.5], "texture": "#2"},
				"up": {"uv": [1.29688, 14.5, 0, 13.5], "texture": "#2"},
				"down": {"uv": [1.29688, 13.5, 0, 14.5], "texture": "#2"}
			}
		},
		{
			"from": [9.31, 10.4, 9.3],
			"to": [6.11, 6, 6.7],
			"rotation": {"angle": 0, "axis": "y", "origin": [6.75, 6, 8]},
			"faces": {
				"north": {"uv": [6, 0, 7.59375, 2.20313], "texture": "#2"},
				"east": {"uv": [8, 5, 9.29688, 7.20313], "texture": "#2"},
				"south": {"uv": [6, 2.5, 7.59375, 4.70313], "texture": "#2"},
				"west": {"uv": [0, 11.5, 1.29688, 13.09375], "texture": "#2"},
				"up": {"uv": [1.29688, 13.09375, 0, 11.5], "texture": "#2"},
				"down": {"uv": [1.29688, 11.5, 0, 13.09375], "texture": "#2"}
			}
		},
		{
			"from": [3.11, 6.2, 6.9],
			"to": [5.91, 10.2, 9.1],
			"rotation": {"angle": 0, "axis": "y", "origin": [6.75, 6, 8]},
			"faces": {
				"north": {"uv": [9.5, 2, 10.90625, 4], "texture": "#2"},
				"south": {"uv": [3.5, 9.5, 4.90625, 11.5], "texture": "#2"},
				"up": {"uv": [10.90625, 13.09375, 9.5, 12], "texture": "#2"},
				"down": {"uv": [12.40625, 12, 11, 13.09375], "texture": "#2"}
			}
		},
		{
			"from": [6.11, 10.4, 9.3],
			"to": [2.91, 6, 6.7],
			"rotation": {"angle": 0, "axis": "y", "origin": [6.75, 6, 8]},
			"faces": {
				"north": {"uv": [0, 11.5, 1.29688, 13.09375], "texture": "#2"},
				"east": {"uv": [0, 11.5, 1.29688, 13.09375], "texture": "#2"},
				"south": {"uv": [0, 11.5, 1.29688, 13.09375], "texture": "#2"},
				"west": {"uv": [0, 11.5, 1.29688, 13.09375], "texture": "#2"},
				"up": {"uv": [1.29688, 13.09375, 0, 11.5], "texture": "#2"},
				"down": {"uv": [1.29688, 11.5, 0, 13.09375], "texture": "#2"}
			}
		},
		{
			"from": [-0.09, 6.2, 6.9],
			"to": [2.71, 10.2, 9.1],
			"rotation": {"angle": 0, "axis": "y", "origin": [6.75, 6, 8]},
			"faces": {
				"north": {"uv": [7, 10, 8.40625, 12], "texture": "#2"},
				"south": {"uv": [8.5, 10, 9.90625, 12], "texture": "#2"},
				"up": {"uv": [13.90625, 13.09375, 12.5, 12], "texture": "#2"},
				"down": {"uv": [4.40625, 13, 3, 14.09375], "texture": "#2"}
			}
		},
		{
			"from": [-0.29, 6, 6.7],
			"to": [1.31, 7.6, 9.3],
			"rotation": {"angle": 0, "axis": "y", "origin": [6.75, 6, 8]},
			"faces": {
				"east": {"uv": [0, 11.5, 1.29688, 13.09375], "texture": "#2"},
				"up": {"uv": [1.29688, 13.09375, 0, 11.5], "texture": "#2"}
			}
		},
		{
			"from": [2.91, 10.4, 9.3],
			"to": [-0.29, 6, 6.7],
			"rotation": {"angle": 0, "axis": "y", "origin": [6.75, 6, 8]},
			"faces": {
				"north": {"uv": [6, 5, 7.59375, 7.20313], "texture": "#2"},
				"east": {"uv": [8, 7.5, 9.29688, 9.70313], "texture": "#2"},
				"south": {"uv": [0, 7, 1.59375, 9.20313], "texture": "#2"},
				"west": {"uv": [0, 11.5, 1.29688, 13.09375], "texture": "#2"},
				"up": {"uv": [13.09375, 10.29688, 11.5, 9], "texture": "#2"},
				"down": {"uv": [1.29688, 11.5, 0, 13.09375], "texture": "#2"}
			}
		},
		{
			"from": [-3.29, 6.2, 6.9],
			"to": [-0.49, 10.2, 9.1],
			"rotation": {"angle": 0, "axis": "y", "origin": [6.75, 6, 8]},
			"faces": {
				"north": {"uv": [4.5, 0, 5.90625, 2], "texture": "#2"},
				"south": {"uv": [5.5, 9, 6.90625, 11], "texture": "#2"},
				"up": {"uv": [12.90625, 11.59375, 11.5, 10.5], "texture": "#2"},
				"down": {"uv": [2.90625, 12, 1.5, 13.09375], "texture": "#2"}
			}
		},
		{
			"from": [-1.09, 6, 6.7],
			"to": [-0.29, 9.2, 9.3],
			"rotation": {"angle": 0, "axis": "y", "origin": [6.75, 6, 8]},
			"faces": {
				"west": {"uv": [0, 11.5, 1.29688, 13.09375], "texture": "#2"},
				"up": {"uv": [1.29688, 13.09375, 0, 11.5], "texture": "#2"}
			}
		},
		{
			"from": [-3.49, 6, 6.7],
			"to": [-2.69, 9.2, 9.3],
			"rotation": {"angle": 0, "axis": "y", "origin": [6.75, 6, 8]},
			"faces": {
				"east": {"uv": [0, 11.5, 1.29688, 13.09375], "texture": "#2"},
				"up": {"uv": [1.29688, 13.09375, 0, 11.5], "texture": "#2"}
			}
		},
		{
			"from": [-0.29, 10.4, 9.3],
			"to": [-3.49, 6, 6.7],
			"rotation": {"angle": 0, "axis": "y", "origin": [6.75, 6, 8]},
			"faces": {
				"north": {"uv": [2, 2.5, 3.59375, 4.70313], "texture": "#2"},
				"east": {"uv": [4, 7, 5.29688, 9.20313], "texture": "#2"},
				"south": {"uv": [2, 2.5, 3.59375, 4.70313], "texture": "#2"},
				"west": {"uv": [4, 7, 5.29688, 9.20313], "texture": "#2"},
				"up": {"uv": [4.59375, 12.79688, 3, 11.5], "texture": "#2"},
				"down": {"uv": [1.29688, 11.5, 0, 13.09375], "texture": "#2"}
			}
		},
		{
			"from": [-6.49, 6.2, 6.9],
			"to": [-3.69, 10.2, 9.1],
			"rotation": {"angle": 0, "axis": "y", "origin": [6.75, 6, 8]},
			"faces": {
				"north": {"uv": [10, 10, 11.40625, 12], "texture": "#2"},
				"south": {"uv": [11, 0, 12.40625, 2], "texture": "#2"},
				"up": {"uv": [5.90625, 14.09375, 4.5, 13], "texture": "#2"},
				"down": {"uv": [14.40625, 6, 13, 7.09375], "texture": "#2"}
			}
		},
		{
			"from": [-3.49, 10.4, 9.3],
			"to": [-6.69, 6, 6.7],
			"rotation": {"angle": 0, "axis": "y", "origin": [6.75, 6, 8]},
			"faces": {
				"north": {"uv": [0, 11.5, 1.29688, 13.09375], "texture": "#2"},
				"east": {"uv": [0, 11.5, 1.29688, 13.09375], "texture": "#2"},
				"south": {"uv": [0, 11.5, 1.29688, 13.09375], "texture": "#2"},
				"west": {"uv": [0, 11.5, 1.29688, 13.09375], "texture": "#2"},
				"up": {"uv": [1.29688, 13.09375, 0, 11.5], "texture": "#2"},
				"down": {"uv": [1.29688, 11.5, 0, 13.09375], "texture": "#2"}
			}
		},
		{
			"from": [-9.69, 6.2, 6.9],
			"to": [-6.89, 10.2, 9.1],
			"rotation": {"angle": 0, "axis": "y", "origin": [6.75, 6, 8]},
			"faces": {
				"north": {"uv": [11, 2, 12.40625, 4], "texture": "#2"},
				"south": {"uv": [11, 4, 12.40625, 6], "texture": "#2"},
				"up": {"uv": [14.40625, 8.59375, 13, 7.5], "texture": "#2"},
				"down": {"uv": [14.40625, 10.5, 13, 11.59375], "texture": "#2"}
			}
		},
		{
			"from": [-6.69, 10.4, 9.3],
			"to": [-9.89, 6, 6.7],
			"rotation": {"angle": 0, "axis": "y", "origin": [6.75, 6, 8]},
			"faces": {
				"north": {"uv": [0, 11.5, 1.29688, 13.09375], "texture": "#2"},
				"east": {"uv": [0, 11.5, 1.29688, 13.09375], "texture": "#2"},
				"south": {"uv": [0, 11.5, 1.29688, 13.09375], "texture": "#2"},
				"west": {"uv": [0, 11.5, 1.29688, 13.09375], "texture": "#2"},
				"up": {"uv": [1.29688, 13.09375, 0, 11.5], "texture": "#2"},
				"down": {"uv": [1.29688, 11.5, 0, 13.09375], "texture": "#2"}
			}
		},
		{
			"from": [-12.89, 6.2, 6.9],
			"to": [-10.09, 10.2, 9.1],
			"rotation": {"angle": 0, "axis": "y", "origin": [6.75, 6, 8]},
			"faces": {
				"north": {"uv": [0, 9.5, 1.40625, 11.5], "texture": "#2"},
				"south": {"uv": [9.5, 0, 10.90625, 2], "texture": "#2"},
				"up": {"uv": [7.90625, 13.09375, 6.5, 12], "texture": "#2"},
				"down": {"uv": [9.40625, 12, 8, 13.09375], "texture": "#2"}
			}
		},
		{
			"from": [-13.09, 8.8, 6.7],
			"to": [-11.49, 9.2, 9.3],
			"rotation": {"angle": 0, "axis": "y", "origin": [6.75, 6, 8]},
			"faces": {
				"east": {"uv": [0, 11.5, 1.29688, 13.09375], "texture": "#2"},
				"up": {"uv": [1.29688, 13.09375, 0, 11.5], "texture": "#2"},
				"down": {"uv": [1.29688, 11.5, 0, 13.09375], "texture": "#2"}
			}
		},
		{
			"from": [-13.09, 7.2, 6.7],
			"to": [-11.49, 7.6, 9.3],
			"rotation": {"angle": 0, "axis": "y", "origin": [6.75, 6, 8]},
			"faces": {
				"east": {"uv": [0, 11.5, 1.29688, 13.09375], "texture": "#2"},
				"up": {"uv": [1.29688, 13.09375, 0, 11.5], "texture": "#2"},
				"down": {"uv": [1.29688, 11.5, 0, 13.09375], "texture": "#2"}
			}
		},
		{
			"from": [-9.89, 10.4, 9.3],
			"to": [-13.09, 6, 6.7],
			"rotation": {"angle": 0, "axis": "y", "origin": [6.75, 6, 8]},
			"faces": {
				"north": {"uv": [4, 2, 5.59375, 4.20313], "texture": "#2"},
				"east": {"uv": [2, 7.5, 3.29688, 9.70313], "texture": "#2"},
				"south": {"uv": [0, 4.5, 1.59375, 6.70313], "texture": "#2"},
				"west": {"uv": [0, 11.5, 1.29688, 13.09375], "texture": "#2"},
				"up": {"uv": [1.29688, 13.09375, 0, 11.5], "texture": "#2"},
				"down": {"uv": [1.29688, 11.5, 0, 13.09375], "texture": "#2"}
			}
		}
	],
	"groups": [
		{
			"name": "teams_capture",
			"origin": [4, 0, 0],
			"color": 0,
			"children": [
				{
					"name": "teams",
					"origin": [4, 0, 0],
					"color": 0,
					"children": [
						{
							"name": "t",
							"origin": [4, 0, 0],
							"color": 0,
							"children": [0, 1, 2, 3]
						},
						{
							"name": "e",
							"origin": [4, 0, 0],
							"color": 0,
							"children": [4, 5, 6, 7]
						},
						{
							"name": "a",
							"origin": [4, 0, 0],
							"color": 0,
							"children": [8, 9]
						},
						{
							"name": "m",
							"origin": [4, 0, 0],
							"color": 0,
							"children": [10, 11, 12, 13, 14, 15]
						},
						{
							"name": "s",
							"origin": [4, 0, 0],
							"color": 0,
							"children": [16, 17, 18, 19]
						}
					]
				},
				{
					"name": "capture",
					"origin": [4, 0, 0],
					"color": 0,
					"children": [
						{
							"name": "c",
							"origin": [4, 0, 0],
							"color": 0,
							"children": [20, 21, 22]
						},
						{
							"name": "a",
							"origin": [4, 0, 0],
							"color": 0,
							"children": [23, 24]
						},
						{
							"name": "p",
							"origin": [4, 0, 0],
							"color": 0,
							"children": [25, 26, 27]
						},
						{
							"name": "t",
							"origin": [4, 0, 0],
							"color": 0,
							"children": [28, 29, 30, 31]
						},
						{
							"name": "u",
							"origin": [4, 0, 0],
							"color": 0,
							"children": [32, 33]
						},
						{
							"name": "r",
							"origin": [4, 0, 0],
							"color": 0,
							"children": [34, 35]
						},
						{
							"name": "e",
							"origin": [4, 0, 0],
							"color": 0,
							"children": [36, 37, 38, 39]
						}
					]
				}
			]
		}
	]
}