{
	"credit": "Made with Blockbench",
	"textures": {
		"1": "item/gamemode",
		"particle": "item/gamemode"
	},
	"elements": [
		{
			"from": [14.3, 0.1, 7.45],
			"to": [15.7, 2.1, 8.55],
			"rotation": {"angle": 0, "axis": "y", "origin": [8, 0, 8]},
			"faces": {
				"north": {"uv": [6, 8, 7.40625, 10], "texture": "#1"},
				"south": {"uv": [8, 8, 9.40625, 10], "texture": "#1"},
				"up": {"uv": [13.40625, 1.09375, 12, 0], "texture": "#1"},
				"down": {"uv": [13.40625, 2, 12, 3.09375], "texture": "#1"}
			}
		},
		{
			"from": [14.2, 1.4, 7.35],
			"to": [15, 1.6, 8.65],
			"rotation": {"angle": 0, "axis": "y", "origin": [8, 0, 8]},
			"faces": {
				"east": {"uv": [14, 0, 15.3125, 0.1875], "texture": "#1"},
				"up": {"uv": [15.3125, 0.1875, 14, 0], "texture": "#1"},
				"down": {"uv": [15.3125, 0, 14, 0.1875], "texture": "#1"}
			}
		},
		{
			"from": [15.8, 2.2, 8.65],
			"to": [14.2, 0, 7.35],
			"rotation": {"angle": 0, "axis": "y", "origin": [8, 0, 8]},
			"faces": {
				"north": {"uv": [2, 3, 3.59375, 5.1875], "texture": "#1"},
				"east": {"uv": [6, 3, 7.3125, 5.1875], "texture": "#1"},
				"south": {"uv": [4, 2, 5.59375, 4.1875], "texture": "#1"},
				"west": {"uv": [14, 0, 15.3125, 0.1875], "texture": "#1"},
				"up": {"uv": [15.3125, 0.1875, 14, 0], "texture": "#1"},
				"down": {"uv": [15.3125, 0, 14, 0.1875], "texture": "#1"}
			}
		},
		{
			"from": [12.7, 0.1, 7.45],
			"to": [14.1, 2.1, 8.55],
			"rotation": {"angle": 0, "axis": "y", "origin": [8, 0, 8]},
			"faces": {
				"north": {"uv": [2, 9, 3.40625, 11], "texture": "#1"},
				"south": {"uv": [9, 6, 10.40625, 8], "texture": "#1"},
				"up": {"uv": [13.40625, 5.09375, 12, 4], "texture": "#1"},
				"down": {"uv": [7.40625, 12, 6, 13.09375], "texture": "#1"}
			}
		},
		{
			"from": [14.2, 2.2, 8.65],
			"to": [12.6, 0, 7.35],
			"rotation": {"angle": 0, "axis": "y", "origin": [8, 0, 8]},
			"faces": {
				"north": {"uv": [14, 0, 15.3125, 0.1875], "texture": "#1"},
				"east": {"uv": [14, 0, 15.3125, 0.1875], "texture": "#1"},
				"south": {"uv": [14, 0, 15.3125, 0.1875], "texture": "#1"},
				"west": {"uv": [14, 0, 15.3125, 0.1875], "texture": "#1"},
				"up": {"uv": [15.3125, 0.1875, 14, 0], "texture": "#1"},
				"down": {"uv": [15.3125, 0, 14, 0.1875], "texture": "#1"}
			}
		},
		{
			"from": [10.5, 0.1, 7.45],
			"to": [12.5, 2.1, 8.55],
			"rotation": {"angle": 0, "axis": "y", "origin": [8, 0, 8]},
			"faces": {
				"north": {"uv": [0, 3, 2, 5], "texture": "#1"},
				"east": {"uv": [2, 11, 3.09375, 13], "texture": "#1"},
				"south": {"uv": [3, 0, 5, 2], "texture": "#1"},
				"west": {"uv": [2, 11, 3.09375, 13], "texture": "#1"},
				"up": {"uv": [6, 12.09375, 4, 11], "texture": "#1"},
				"down": {"uv": [13, 6, 11, 7.09375], "texture": "#1"}
			}
		},
		{
			"from": [11.3, 0.5, 7.45],
			"to": [11.7, 0.5, 8.55],
			"rotation": {"angle": 0, "axis": "y", "origin": [8, 0, 8]},
			"faces": {
				"down": {"uv": [13.40625, 6, 13, 7.09375], "texture": "#1"}
			}
		},
		{
			"from": [11.2, 1.8, 7.35],
			"to": [11.8, 2.2, 8.65],
			"rotation": {"angle": 0, "axis": "y", "origin": [8, 0, 8]},
			"faces": {
				"east": {"uv": [14, 0, 15.3125, 0.1875], "texture": "#1"},
				"west": {"uv": [14, 0, 15.3125, 0.1875], "texture": "#1"},
				"down": {"uv": [5.59375, 0, 5, 1.3125], "texture": "#1"}
			}
		},
		{
			"from": [11.4, 1.4, 7.35],
			"to": [11.6, 1.8, 8.65],
			"rotation": {"angle": 0, "axis": "y", "origin": [8, 0, 8]},
			"faces": {
				"east": {"uv": [14, 0, 15.3125, 0.1875], "texture": "#1"},
				"west": {"uv": [14, 0, 15.3125, 0.1875], "texture": "#1"},
				"down": {"uv": [15.3125, 0, 14, 0.1875], "texture": "#1"}
			}
		},
		{
			"from": [11.2, 0, 7.35],
			"to": [11.8, 0.4, 8.65],
			"rotation": {"angle": 0, "axis": "y", "origin": [8, 0, 8]},
			"faces": {
				"east": {"uv": [14, 0, 15.3125, 0.1875], "texture": "#1"},
				"west": {"uv": [14, 0, 15.3125, 0.1875], "texture": "#1"},
				"up": {"uv": [15.3125, 0.1875, 14, 0], "texture": "#1"}
			}
		},
		{
			"from": [12.6, 2.2, 8.65],
			"to": [10.4, 0, 7.35],
			"rotation": {"angle": 0, "axis": "y", "origin": [8, 0, 8]},
			"faces": {
				"north": {"uv": [0, 0, 2.1875, 2.1875], "texture": "#1"},
				"east": {"uv": [14, 0, 15.3125, 0.1875], "texture": "#1"},
				"south": {"uv": [0, 0, 2.1875, 2.1875], "texture": "#1"},
				"west": {"uv": [14, 0, 15.3125, 0.1875], "texture": "#1"},
				"up": {"uv": [8.1875, 7.3125, 6, 6], "texture": "#1"},
				"down": {"uv": [8.1875, 6, 6, 7.3125], "texture": "#1"}
			}
		},
		{
			"from": [8.9, 0.1, 7.45],
			"to": [10.3, 2.1, 8.55],
			"rotation": {"angle": 0, "axis": "y", "origin": [8, 0, 8]},
			"faces": {
				"north": {"uv": [10, 0, 11.40625, 2], "texture": "#1"},
				"south": {"uv": [10, 2, 11.40625, 4], "texture": "#1"},
				"up": {"uv": [9.40625, 13.09375, 8, 12], "texture": "#1"},
				"down": {"uv": [13.40625, 8, 12, 9.09375], "texture": "#1"}
			}
		},
		{
			"from": [8.8, 1.4, 7.35],
			"to": [9.6, 1.6, 8.65],
			"rotation": {"angle": 0, "axis": "y", "origin": [8, 0, 8]},
			"faces": {
				"east": {"uv": [14, 0, 15.3125, 0.1875], "texture": "#1"},
				"up": {"uv": [15.3125, 0.1875, 14, 0], "texture": "#1"},
				"down": {"uv": [15.3125, 0, 14, 0.1875], "texture": "#1"}
			}
		},
		{
			"from": [8.8, 0.6, 7.35],
			"to": [9.6, 0.8, 8.65],
			"rotation": {"angle": 0, "axis": "y", "origin": [8, 0, 8]},
			"faces": {
				"east": {"uv": [14, 0, 15.3125, 0.1875], "texture": "#1"},
				"up": {"uv": [15.3125, 0.1875, 14, 0], "texture": "#1"},
				"down": {"uv": [15.3125, 0, 14, 0.1875], "texture": "#1"}
			}
		},
		{
			"from": [10.4, 2.2, 8.65],
			"to": [8.8, 0, 7.35],
			"rotation": {"angle": 0, "axis": "y", "origin": [8, 0, 8]},
			"faces": {
				"north": {"uv": [0, 5, 1.59375, 7.1875], "texture": "#1"},
				"east": {"uv": [0, 8, 1.3125, 10.1875], "texture": "#1"},
				"south": {"uv": [4, 5, 5.59375, 7.1875], "texture": "#1"},
				"west": {"uv": [14, 0, 15.3125, 0.1875], "texture": "#1"},
				"up": {"uv": [15.3125, 0.1875, 14, 0], "texture": "#1"},
				"down": {"uv": [15.3125, 0, 14, 0.1875], "texture": "#1"}
			}
		},
		{
			"from": [6.7, 0.1, 7.45],
			"to": [8.7, 2.1, 8.55],
			"rotation": {"angle": 0, "axis": "y", "origin": [8, 0, 8]},
			"faces": {
				"north": {"uv": [0, 3, 2, 5], "texture": "#1"},
				"east": {"uv": [2, 11, 3.09375, 13], "texture": "#1"},
				"south": {"uv": [3, 0, 5, 2], "texture": "#1"},
				"west": {"uv": [2, 11, 3.09375, 13], "texture": "#1"},
				"up": {"uv": [6, 12.09375, 4, 11], "texture": "#1"},
				"down": {"uv": [13, 6, 11, 7.09375], "texture": "#1"}
			}
		},
		{
			"from": [7.5, 0.5, 7.45],
			"to": [7.9, 0.5, 8.55],
			"rotation": {"angle": 0, "axis": "y", "origin": [8, 0, 8]},
			"faces": {
				"down": {"uv": [13.40625, 6, 13, 7.09375], "texture": "#1"}
			}
		},
		{
			"from": [7.4, 1.8, 7.35],
			"to": [8, 2.2, 8.65],
			"rotation": {"angle": 0, "axis": "y", "origin": [8, 0, 8]},
			"faces": {
				"east": {"uv": [14, 0, 15.3125, 0.1875], "texture": "#1"},
				"west": {"uv": [14, 0, 15.3125, 0.1875], "texture": "#1"},
				"down": {"uv": [5.59375, 0, 5, 1.3125], "texture": "#1"}
			}
		},
		{
			"from": [7.6, 1.4, 7.35],
			"to": [7.8, 1.8, 8.65],
			"rotation": {"angle": 0, "axis": "y", "origin": [8, 0, 8]},
			"faces": {
				"east": {"uv": [14, 0, 15.3125, 0.1875], "texture": "#1"},
				"west": {"uv": [14, 0, 15.3125, 0.1875], "texture": "#1"},
				"down": {"uv": [15.3125, 0, 14, 0.1875], "texture": "#1"}
			}
		},
		{
			"from": [7.4, 0, 7.35],
			"to": [8, 0.4, 8.65],
			"rotation": {"angle": 0, "axis": "y", "origin": [8, 0, 8]},
			"faces": {
				"east": {"uv": [14, 0, 15.3125, 0.1875], "texture": "#1"},
				"west": {"uv": [14, 0, 15.3125, 0.1875], "texture": "#1"},
				"up": {"uv": [15.3125, 0.1875, 14, 0], "texture": "#1"}
			}
		},
		{
			"from": [8.8, 2.2, 8.65],
			"to": [6.6, 0, 7.35],
			"rotation": {"angle": 0, "axis": "y", "origin": [8, 0, 8]},
			"faces": {
				"north": {"uv": [0, 0, 2.1875, 2.1875], "texture": "#1"},
				"east": {"uv": [14, 0, 15.3125, 0.1875], "texture": "#1"},
				"south": {"uv": [0, 0, 2.1875, 2.1875], "texture": "#1"},
				"west": {"uv": [14, 0, 15.3125, 0.1875], "texture": "#1"},
				"up": {"uv": [8.1875, 7.3125, 6, 6], "texture": "#1"},
				"down": {"uv": [8.1875, 6, 6, 7.3125], "texture": "#1"}
			}
		},
		{
			"from": [5.1, 0.1, 7.45],
			"to": [6.5, 2.1, 8.55],
			"rotation": {"angle": 0, "axis": "y", "origin": [8, 0, 8]},
			"faces": {
				"north": {"uv": [10, 4, 11.40625, 6], "texture": "#1"},
				"south": {"uv": [6, 10, 7.40625, 12], "texture": "#1"},
				"up": {"uv": [11.40625, 13.09375, 10, 12], "texture": "#1"},
				"down": {"uv": [13.40625, 10, 12, 11.09375], "texture": "#1"}
			}
		},
		{
			"from": [6.6, 2.2, 8.65],
			"to": [5, 0, 7.35],
			"rotation": {"angle": 0, "axis": "y", "origin": [8, 0, 8]},
			"faces": {
				"north": {"uv": [14, 0, 15.3125, 0.1875], "texture": "#1"},
				"east": {"uv": [14, 0, 15.3125, 0.1875], "texture": "#1"},
				"south": {"uv": [14, 0, 15.3125, 0.1875], "texture": "#1"},
				"west": {"uv": [14, 0, 15.3125, 0.1875], "texture": "#1"},
				"up": {"uv": [15.3125, 0.1875, 14, 0], "texture": "#1"},
				"down": {"uv": [15.3125, 0, 14, 0.1875], "texture": "#1"}
			}
		},
		{
			"from": [3.5, 0.1, 7.45],
			"to": [4.9, 2.1, 8.55],
			"rotation": {"angle": 0, "axis": "y", "origin": [8, 0, 8]},
			"faces": {
				"north": {"uv": [8, 10, 9.40625, 12], "texture": "#1"},
				"south": {"uv": [10, 8, 11.40625, 10], "texture": "#1"},
				"up": {"uv": [13.40625, 13.09375, 12, 12], "texture": "#1"},
				"down": {"uv": [1.40625, 13, 0, 14.09375], "texture": "#1"}
			}
		},
		{
			"from": [3.6, 2, 8.65],
			"to": [3.4, 0.2, 7.35],
			"rotation": {"angle": 0, "axis": "y", "origin": [8, 0, 8]},
			"faces": {
				"north": {"uv": [14, 0, 15.3125, 0.1875], "texture": "#1"},
				"east": {"uv": [14, 0, 15.3125, 0.1875], "texture": "#1"},
				"south": {"uv": [14, 0, 15.3125, 0.1875], "texture": "#1"},
				"up": {"uv": [15.3125, 0.1875, 14, 0], "texture": "#1"},
				"down": {"uv": [15.3125, 0, 14, 0.1875], "texture": "#1"}
			}
		},
		{
			"from": [5, 2.2, 8.65],
			"to": [3.6, 0, 7.35],
			"rotation": {"angle": 0, "axis": "y", "origin": [8, 0, 8]},
			"faces": {
				"north": {"uv": [14, 0, 15.3125, 0.1875], "texture": "#1"},
				"east": {"uv": [8, 0, 9.3125, 2.1875], "texture": "#1"},
				"south": {"uv": [14, 0, 15.3125, 0.1875], "texture": "#1"},
				"west": {"uv": [14, 0, 15.3125, 0.1875], "texture": "#1"},
				"up": {"uv": [15.3125, 0.1875, 14, 0], "texture": "#1"},
				"down": {"uv": [15.3125, 0, 14, 0.1875], "texture": "#1"}
			}
		},
		{
			"from": [1.9, 0.1, 7.45],
			"to": [3.3, 2.1, 8.55],
			"rotation": {"angle": 0, "axis": "y", "origin": [8, 0, 8]},
			"faces": {
				"north": {"uv": [10, 0, 11.40625, 2], "texture": "#1"},
				"south": {"uv": [10, 2, 11.40625, 4], "texture": "#1"},
				"up": {"uv": [9.40625, 13.09375, 8, 12], "texture": "#1"},
				"down": {"uv": [13.40625, 8, 12, 9.09375], "texture": "#1"}
			}
		},
		{
			"from": [1.8, 1.4, 7.35],
			"to": [2.6, 1.6, 8.65],
			"rotation": {"angle": 0, "axis": "y", "origin": [8, 0, 8]},
			"faces": {
				"east": {"uv": [14, 0, 15.3125, 0.1875], "texture": "#1"},
				"up": {"uv": [15.3125, 0.1875, 14, 0], "texture": "#1"},
				"down": {"uv": [15.3125, 0, 14, 0.1875], "texture": "#1"}
			}
		},
		{
			"from": [1.8, 0.6, 7.35],
			"to": [2.6, 0.8, 8.65],
			"rotation": {"angle": 0, "axis": "y", "origin": [8, 0, 8]},
			"faces": {
				"east": {"uv": [14, 0, 15.3125, 0.1875], "texture": "#1"},
				"up": {"uv": [15.3125, 0.1875, 14, 0], "texture": "#1"},
				"down": {"uv": [15.3125, 0, 14, 0.1875], "texture": "#1"}
			}
		},
		{
			"from": [3.4, 2.2, 8.65],
			"to": [1.8, 0, 7.35],
			"rotation": {"angle": 0, "axis": "y", "origin": [8, 0, 8]},
			"faces": {
				"north": {"uv": [0, 5, 1.59375, 7.1875], "texture": "#1"},
				"east": {"uv": [0, 8, 1.3125, 10.1875], "texture": "#1"},
				"south": {"uv": [4, 5, 5.59375, 7.1875], "texture": "#1"},
				"west": {"uv": [14, 0, 15.3125, 0.1875], "texture": "#1"},
				"up": {"uv": [15.3125, 0.1875, 14, 0], "texture": "#1"},
				"down": {"uv": [15.3125, 0, 14, 0.1875], "texture": "#1"}
			}
		},
		{
			"from": [0.3, 0.1, 7.45],
			"to": [1.7, 2.1, 8.55],
			"rotation": {"angle": 0, "axis": "y", "origin": [8, 0, 8]},
			"faces": {
				"north": {"uv": [10, 10, 11.40625, 12], "texture": "#1"},
				"south": {"uv": [0, 11, 1.40625, 13], "texture": "#1"},
				"up": {"uv": [3.40625, 14.09375, 2, 13], "texture": "#1"},
				"down": {"uv": [5.40625, 13, 4, 14.09375], "texture": "#1"}
			}
		},
		{
			"from": [1, 0.6, 7.35],
			"to": [1.8, 0.8, 8.65],
			"rotation": {"angle": 0, "axis": "y", "origin": [8, 0, 8]},
			"faces": {
				"west": {"uv": [14, 0, 15.3125, 0.1875], "texture": "#1"},
				"up": {"uv": [15.3125, 0.1875, 14, 0], "texture": "#1"},
				"down": {"uv": [15.3125, 0, 14, 0.1875], "texture": "#1"}
			}
		},
		{
			"from": [0.2, 1.4, 7.35],
			"to": [1, 1.6, 8.65],
			"rotation": {"angle": 0, "axis": "y", "origin": [8, 0, 8]},
			"faces": {
				"east": {"uv": [14, 0, 15.3125, 0.1875], "texture": "#1"},
				"up": {"uv": [15.3125, 0.1875, 14, 0], "texture": "#1"},
				"down": {"uv": [15.3125, 0, 14, 0.1875], "texture": "#1"}
			}
		},
		{
			"from": [1.8, 2.2, 8.65],
			"to": [0.2, 0, 7.35],
			"rotation": {"angle": 0, "axis": "y", "origin": [8, 0, 8]},
			"faces": {
				"north": {"uv": [6, 0, 7.59375, 2.1875], "texture": "#1"},
				"east": {"uv": [8, 3, 9.3125, 5.1875], "texture": "#1"},
				"south": {"uv": [2, 6, 3.59375, 8.1875], "texture": "#1"},
				"west": {"uv": [4, 8, 5.3125, 10.1875], "texture": "#1"},
				"up": {"uv": [15.3125, 0.1875, 14, 0], "texture": "#1"},
				"down": {"uv": [15.3125, 0, 14, 0.1875], "texture": "#1"}
			}
		}
	],
	"groups": [
		{
			"name": "gamemodes",
			"origin": [0, 0, 0],
			"color": 0,
			"nbt": "{}",
			"children": [
				{
					"name": "g",
					"origin": [0, 0, 0],
					"color": 0,
					"nbt": "{}",
					"children": [0, 1, 2]
				},
				{
					"name": "a",
					"origin": [0, 0, 0],
					"color": 0,
					"nbt": "{}",
					"children": [3, 4]
				},
				{
					"name": "m",
					"origin": [0, 0, 0],
					"color": 0,
					"nbt": "{}",
					"children": [5, 6, 7, 8, 9, 10]
				},
				{
					"name": "e",
					"origin": [0, 0, 0],
					"color": 0,
					"nbt": "{}",
					"children": [11, 12, 13, 14]
				},
				{
					"name": "m",
					"origin": [0, 0, 0],
					"color": 0,
					"nbt": "{}",
					"children": [15, 16, 17, 18, 19, 20]
				},
				{
					"name": "o",
					"origin": [0, 0, 0],
					"color": 0,
					"nbt": "{}",
					"children": [21, 22]
				},
				{
					"name": "d",
					"origin": [0, 0, 0],
					"color": 0,
					"nbt": "{}",
					"children": [23, 24, 25]
				},
				{
					"name": "e",
					"origin": [0, 0, 0],
					"color": 0,
					"nbt": "{}",
					"children": [26, 27, 28, 29]
				},
				{
					"name": "s",
					"origin": [0, 0, 0],
					"color": 0,
					"nbt": "{}",
					"children": [30, 31, 32, 33]
				}
			]
		}
	]
}