{
	"credit": "Made with Blockbench",
	"texture_size": [32, 32],
	"textures": {
		"11": "item/random/texture",
		"particle": "item/random/texture"
	},
	"elements": [
		{
			"from": [14.6, 0.1, 7.45],
			"to": [16, 2.1, 8.55],
			"rotation": {"angle": 0, "axis": "y", "origin": [8, 0, 8]},
			"faces": {
				"north": {"uv": [3, 4, 3.70313, 5], "texture": "#11"},
				"south": {"uv": [4, 3, 4.70313, 4], "texture": "#11"},
				"up": {"uv": [5.20313, 6.54688, 4.5, 6], "texture": "#11"},
				"down": {"uv": [6.70313, 5, 6, 5.54688], "texture": "#11"}
			}
		},
		{
			"from": [16.1, 2.2, 8.65],
			"to": [14.5, 0, 7.35],
			"rotation": {"angle": 0, "axis": "y", "origin": [8, 0, 8]},
			"faces": {
				"north": {"uv": [0, 2.5, 0.79688, 3.59375], "texture": "#11"},
				"east": {"uv": [0, 2.5, 0.79688, 3.59375], "texture": "#11"},
				"south": {"uv": [0, 2.5, 0.79688, 3.59375], "texture": "#11"},
				"west": {"uv": [0, 2.5, 0.79688, 3.59375], "texture": "#11"},
				"up": {"uv": [0.79688, 3.59375, 0, 2.5], "texture": "#11"},
				"down": {"uv": [0.79688, 2.5, 0, 3.59375], "texture": "#11"}
			}
		},
		{
			"from": [13, 0.1, 7.45],
			"to": [14.4, 2.1, 8.55],
			"rotation": {"angle": 0, "axis": "y", "origin": [8, 0, 8]},
			"faces": {
				"north": {"uv": [4, 4, 4.70313, 5], "texture": "#11"},
				"south": {"uv": [1, 4.5, 1.70313, 5.5], "texture": "#11"},
				"up": {"uv": [6.20313, 6.54688, 5.5, 6], "texture": "#11"},
				"down": {"uv": [1.70313, 6.5, 1, 7.04688], "texture": "#11"}
			}
		},
		{
			"from": [14.5, 2.2, 8.65],
			"to": [12.9, 0, 7.35],
			"rotation": {"angle": 0, "axis": "y", "origin": [8, 0, 8]},
			"faces": {
				"north": {"uv": [2, 2.5, 2.79688, 3.59375], "texture": "#11"},
				"east": {"uv": [2, 2.5, 2.79688, 3.59375], "texture": "#11"},
				"south": {"uv": [2, 2.5, 2.79688, 3.59375], "texture": "#11"},
				"west": {"uv": [2, 2.5, 2.79688, 3.59375], "texture": "#11"},
				"up": {"uv": [2.79688, 3.59375, 2, 2.5], "texture": "#11"},
				"down": {"uv": [2.79688, 2.5, 2, 3.59375], "texture": "#11"}
			}
		},
		{
			"from": [11.2, 0.1, 7.45],
			"to": [12.8, 2.1, 8.55],
			"rotation": {"angle": 0, "axis": "y", "origin": [8, 0, 8]},
			"faces": {
				"north": {"uv": [3, 3, 3.79688, 4], "texture": "#11"},
				"south": {"uv": [0, 4, 0.79688, 5], "texture": "#11"},
				"up": {"uv": [6.79688, 1.54688, 6, 1], "texture": "#11"},
				"down": {"uv": [6.79688, 3, 6, 3.54688], "texture": "#11"}
			}
		},
		{
			"from": [11.9, 1.8, 7.35],
			"to": [12.1, 2.2, 8.65],
			"rotation": {"angle": 0, "axis": "y", "origin": [8, 0, 8]},
			"faces": {
				"east": {"uv": [5.5, 7, 6.15625, 7.20313], "texture": "#11"},
				"west": {"uv": [5.5, 7, 6.15625, 7.20313], "texture": "#11"},
				"down": {"uv": [6.15625, 7, 5.5, 7.20313], "texture": "#11"}
			}
		},
		{
			"from": [11.9, 0, 7.35],
			"to": [12.1, 0.5, 8.65],
			"rotation": {"angle": 0, "axis": "y", "origin": [8, 0, 8]},
			"faces": {
				"east": {"uv": [5.5, 7, 6.15625, 7.20313], "texture": "#11"},
				"west": {"uv": [5.5, 7, 6.15625, 7.20313], "texture": "#11"},
				"up": {"uv": [6.15625, 7.20313, 5.5, 7], "texture": "#11"}
			}
		},
		{
			"from": [12.9, 2.2, 8.65],
			"to": [11.1, 0, 7.35],
			"rotation": {"angle": 0, "axis": "y", "origin": [8, 0, 8]},
			"faces": {
				"north": {"uv": [1, 1.5, 1.90625, 2.59375], "texture": "#11"},
				"east": {"uv": [5.5, 7, 6.15625, 7.20313], "texture": "#11"},
				"south": {"uv": [1, 1.5, 1.90625, 2.59375], "texture": "#11"},
				"west": {"uv": [5.5, 7, 6.15625, 7.20313], "texture": "#11"},
				"up": {"uv": [1.90625, 6.15625, 1, 5.5], "texture": "#11"},
				"down": {"uv": [1.90625, 5.5, 1, 6.15625], "texture": "#11"}
			}
		},
		{
			"from": [9.6, 0.1, 7.45],
			"to": [11, 2.1, 8.55],
			"rotation": {"angle": 0, "axis": "y", "origin": [8, 0, 8]},
			"faces": {
				"north": {"uv": [0, 5, 0.70313, 6], "texture": "#11"},
				"south": {"uv": [5, 0, 5.70313, 1], "texture": "#11"},
				"up": {"uv": [2.70313, 7.04688, 2, 6.5], "texture": "#11"},
				"down": {"uv": [7.20313, 2, 6.5, 2.54688], "texture": "#11"}
			}
		},
		{
			"from": [9.7, 2, 8.65],
			"to": [9.5, 0.2, 7.35],
			"rotation": {"angle": 0, "axis": "y", "origin": [8, 0, 8]},
			"faces": {
				"north": {"uv": [7.5, 2, 7.59375, 2.90625], "texture": "#11"},
				"east": {"uv": [7.5, 2, 7.59375, 2.90625], "texture": "#11"},
				"south": {"uv": [7.5, 2, 7.59375, 2.90625], "texture": "#11"},
				"up": {"uv": [7.59375, 2.90625, 7.5, 2], "texture": "#11"},
				"down": {"uv": [7.59375, 2, 7.5, 2.90625], "texture": "#11"}
			}
		},
		{
			"from": [11.1, 2.2, 8.65],
			"to": [9.7, 0, 7.35],
			"rotation": {"angle": 0, "axis": "y", "origin": [8, 0, 8]},
			"faces": {
				"north": {"uv": [7.5, 2, 7.59375, 2.90625], "texture": "#11"},
				"east": {"uv": [2, 4, 2.65625, 5.09375], "texture": "#11"},
				"south": {"uv": [7.5, 2, 7.59375, 2.90625], "texture": "#11"},
				"west": {"uv": [7.5, 2, 7.59375, 2.90625], "texture": "#11"},
				"up": {"uv": [7.59375, 2.90625, 7.5, 2], "texture": "#11"},
				"down": {"uv": [7.59375, 2, 7.5, 2.90625], "texture": "#11"}
			}
		},
		{
			"from": [8, 0.1, 7.45],
			"to": [9.4, 2.1, 8.55],
			"rotation": {"angle": 0, "axis": "y", "origin": [8, 0, 8]},
			"faces": {
				"north": {"uv": [5, 1, 5.70313, 2], "texture": "#11"},
				"south": {"uv": [3, 5, 3.70313, 6], "texture": "#11"},
				"up": {"uv": [7.20313, 6.54688, 6.5, 6], "texture": "#11"},
				"down": {"uv": [0.70313, 7, 0, 7.54688], "texture": "#11"}
			}
		},
		{
			"from": [9.5, 2.2, 8.65],
			"to": [7.9, 0, 7.35],
			"rotation": {"angle": 0, "axis": "y", "origin": [8, 0, 8]},
			"faces": {
				"north": {"uv": [3, 0, 3.79688, 1.09375], "texture": "#11"},
				"east": {"uv": [3, 0, 3.79688, 1.09375], "texture": "#11"},
				"south": {"uv": [3, 0, 3.79688, 1.09375], "texture": "#11"},
				"west": {"uv": [3, 0, 3.79688, 1.09375], "texture": "#11"},
				"up": {"uv": [3.79688, 1.09375, 3, 0], "texture": "#11"},
				"down": {"uv": [3.79688, 0, 3, 1.09375], "texture": "#11"}
			}
		},
		{
			"from": [5.8, 0.1, 7.45],
			"to": [7.8, 2.1, 8.55],
			"rotation": {"angle": 0, "axis": "y", "origin": [8, 0, 8]},
			"faces": {
				"north": {"uv": [0, 1.5, 1, 2.5], "texture": "#11"},
				"east": {"uv": [5.5, 2, 6.04688, 3], "texture": "#11"},
				"south": {"uv": [1.5, 0, 2.5, 1], "texture": "#11"},
				"west": {"uv": [5.5, 2, 6.04688, 3], "texture": "#11"},
				"up": {"uv": [1, 6.54688, 0, 6], "texture": "#11"},
				"down": {"uv": [7, 0, 6, 0.54688], "texture": "#11"}
			}
		},
		{
			"from": [6.6, 0.5, 7.45],
			"to": [7, 0.5, 8.55],
			"rotation": {"angle": 0, "axis": "y", "origin": [8, 0, 8]},
			"faces": {
				"down": {"uv": [2.20313, 7.5, 2, 8.04688], "texture": "#11"}
			}
		},
		{
			"from": [6.5, 1.8, 7.35],
			"to": [7.1, 2.2, 8.65],
			"rotation": {"angle": 0, "axis": "y", "origin": [8, 0, 8]},
			"faces": {
				"east": {"uv": [6.5, 7, 7.15625, 7.20313], "texture": "#11"},
				"west": {"uv": [6.5, 7, 7.15625, 7.20313], "texture": "#11"},
				"down": {"uv": [4.79688, 7, 4.5, 7.65625], "texture": "#11"}
			}
		},
		{
			"from": [6.7, 1.4, 7.35],
			"to": [6.9, 1.8, 8.65],
			"rotation": {"angle": 0, "axis": "y", "origin": [8, 0, 8]},
			"faces": {
				"east": {"uv": [6.5, 7, 7.15625, 7.20313], "texture": "#11"},
				"west": {"uv": [6.5, 7, 7.15625, 7.20313], "texture": "#11"},
				"down": {"uv": [7.15625, 7, 6.5, 7.20313], "texture": "#11"}
			}
		},
		{
			"from": [6.5, 0, 7.35],
			"to": [7.1, 0.4, 8.65],
			"rotation": {"angle": 0, "axis": "y", "origin": [8, 0, 8]},
			"faces": {
				"east": {"uv": [6.5, 7, 7.15625, 7.20313], "texture": "#11"},
				"west": {"uv": [6.5, 7, 7.15625, 7.20313], "texture": "#11"},
				"up": {"uv": [7.15625, 7.20313, 6.5, 7], "texture": "#11"}
			}
		},
		{
			"from": [7.9, 2.2, 8.65],
			"to": [5.7, 0, 7.35],
			"rotation": {"angle": 0, "axis": "y", "origin": [8, 0, 8]},
			"faces": {
				"north": {"uv": [0, 0, 1.09375, 1.09375], "texture": "#11"},
				"east": {"uv": [6.5, 7, 7.15625, 7.20313], "texture": "#11"},
				"south": {"uv": [0, 0, 1.09375, 1.09375], "texture": "#11"},
				"west": {"uv": [6.5, 7, 7.15625, 7.20313], "texture": "#11"},
				"up": {"uv": [5.09375, 2.65625, 4, 2], "texture": "#11"},
				"down": {"uv": [5.09375, 2, 4, 2.65625], "texture": "#11"}
			}
		},
		{
			"from": [4.2, 0.1, 7.45],
			"to": [5.6, 2.1, 8.55],
			"rotation": {"angle": 0, "axis": "y", "origin": [8, 0, 8]},
			"faces": {
				"north": {"uv": [5, 3, 5.70313, 4], "texture": "#11"},
				"south": {"uv": [4, 5, 4.70313, 6], "texture": "#11"},
				"up": {"uv": [7.70313, 0.54688, 7, 0], "texture": "#11"},
				"down": {"uv": [7.70313, 1, 7, 1.54688], "texture": "#11"}
			}
		},
		{
			"from": [5.7, 2.2, 8.65],
			"to": [4.1, 0, 7.35],
			"rotation": {"angle": 0, "axis": "y", "origin": [8, 0, 8]},
			"faces": {
				"north": {"uv": [1, 3, 1.79688, 4.09375], "texture": "#11"},
				"east": {"uv": [1, 3, 1.79688, 4.09375], "texture": "#11"},
				"south": {"uv": [1, 3, 1.79688, 4.09375], "texture": "#11"},
				"west": {"uv": [1, 3, 1.79688, 4.09375], "texture": "#11"},
				"up": {"uv": [1.79688, 4.09375, 1, 3], "texture": "#11"},
				"down": {"uv": [1.79688, 3, 1, 4.09375], "texture": "#11"}
			}
		},
		{
			"from": [2.4, 0.1, 7.45],
			"to": [4, 2.1, 8.55],
			"rotation": {"angle": 0, "axis": "y", "origin": [8, 0, 8]},
			"faces": {
				"north": {"uv": [4, 0, 4.79688, 1], "texture": "#11"},
				"south": {"uv": [4, 1, 4.79688, 2], "texture": "#11"},
				"up": {"uv": [4.29688, 6.54688, 3.5, 6], "texture": "#11"},
				"down": {"uv": [6.79688, 4, 6, 4.54688], "texture": "#11"}
			}
		},
		{
			"from": [3.1, 1.8, 7.35],
			"to": [3.3, 2.2, 8.65],
			"rotation": {"angle": 0, "axis": "y", "origin": [8, 0, 8]},
			"faces": {
				"east": {"uv": [1, 7.5, 1.65625, 7.70313], "texture": "#11"},
				"west": {"uv": [1, 7.5, 1.65625, 7.70313], "texture": "#11"},
				"down": {"uv": [1.65625, 7.5, 1, 7.70313], "texture": "#11"}
			}
		},
		{
			"from": [3.1, 0, 7.35],
			"to": [3.3, 0.5, 8.65],
			"rotation": {"angle": 0, "axis": "y", "origin": [8, 0, 8]},
			"faces": {
				"east": {"uv": [1, 7.5, 1.65625, 7.70313], "texture": "#11"},
				"west": {"uv": [1, 7.5, 1.65625, 7.70313], "texture": "#11"},
				"up": {"uv": [1.65625, 7.70313, 1, 7.5], "texture": "#11"}
			}
		},
		{
			"from": [4.1, 2.2, 8.65],
			"to": [2.3, 0, 7.35],
			"rotation": {"angle": 0, "axis": "y", "origin": [8, 0, 8]},
			"faces": {
				"north": {"uv": [2, 1, 2.90625, 2.09375], "texture": "#11"},
				"east": {"uv": [1, 7.5, 1.65625, 7.70313], "texture": "#11"},
				"south": {"uv": [2, 1, 2.90625, 2.09375], "texture": "#11"},
				"west": {"uv": [1, 7.5, 1.65625, 7.70313], "texture": "#11"},
				"up": {"uv": [2.90625, 6.15625, 2, 5.5], "texture": "#11"},
				"down": {"uv": [2.90625, 5.5, 2, 6.15625], "texture": "#11"}
			}
		},
		{
			"from": [1.6, 0.1, 7.45],
			"to": [2.2, 2.1, 8.55],
			"rotation": {"angle": 0, "axis": "y", "origin": [8, 0, 8]},
			"faces": {
				"north": {"uv": [2.5, 0, 2.79688, 1], "texture": "#11"},
				"south": {"uv": [7, 4, 7.29688, 5], "texture": "#11"},
				"up": {"uv": [5.29688, 7.54688, 5, 7], "texture": "#11"},
				"down": {"uv": [7.29688, 5, 7, 5.54688], "texture": "#11"}
			}
		},
		{
			"from": [2.3, 2.2, 8.65],
			"to": [1.5, 0, 7.35],
			"rotation": {"angle": 0, "axis": "y", "origin": [8, 0, 8]},
			"faces": {
				"north": {"uv": [3, 6, 3.40625, 7.09375], "texture": "#11"},
				"east": {"uv": [3, 6, 3.40625, 7.09375], "texture": "#11"},
				"south": {"uv": [3, 6, 3.40625, 7.09375], "texture": "#11"},
				"west": {"uv": [3, 6, 3.40625, 7.09375], "texture": "#11"},
				"up": {"uv": [3.40625, 7.09375, 3, 6], "texture": "#11"},
				"down": {"uv": [3.40625, 6, 3, 7.09375], "texture": "#11"}
			}
		},
		{
			"from": [0, 0.1, 7.45],
			"to": [1.4, 2.1, 8.55],
			"rotation": {"angle": 0, "axis": "y", "origin": [8, 0, 8]},
			"faces": {
				"north": {"uv": [5, 4, 5.70313, 5], "texture": "#11"},
				"south": {"uv": [5, 5, 5.70313, 6], "texture": "#11"},
				"up": {"uv": [7.70313, 3.54688, 7, 3], "texture": "#11"},
				"down": {"uv": [4.20313, 7, 3.5, 7.54688], "texture": "#11"}
			}
		},
		{
			"from": [1.5, 2.2, 8.65],
			"to": [-0.1, 0, 7.35],
			"rotation": {"angle": 0, "axis": "y", "origin": [8, 0, 8]},
			"faces": {
				"north": {"uv": [3, 1.5, 3.79688, 2.59375], "texture": "#11"},
				"east": {"uv": [3, 1.5, 3.79688, 2.59375], "texture": "#11"},
				"south": {"uv": [3, 1.5, 3.79688, 2.59375], "texture": "#11"},
				"west": {"uv": [3, 1.5, 3.79688, 2.59375], "texture": "#11"},
				"up": {"uv": [3.79688, 2.59375, 3, 1.5], "texture": "#11"},
				"down": {"uv": [3.79688, 1.5, 3, 2.59375], "texture": "#11"}
			}
		}
	],
	"groups": [
		{
			"name": "randomania",
			"origin": [0, 0, 0],
			"color": 0,
			"nbt": "{}",
			"children": [
				{
					"name": "r",
					"origin": [0, 0, 0],
					"color": 0,
					"nbt": "{}",
					"children": [0, 1]
				},
				{
					"name": "a",
					"origin": [0, 0, 0],
					"color": 0,
					"nbt": "{}",
					"children": [2, 3]
				},
				{
					"name": "n",
					"origin": [0, 0, 0],
					"color": 0,
					"nbt": "{}",
					"children": [4, 5, 6, 7]
				},
				{
					"name": "d",
					"origin": [0, 0, 0],
					"color": 0,
					"nbt": "{}",
					"children": [8, 9, 10]
				},
				{
					"name": "o",
					"origin": [0, 0, 0],
					"color": 0,
					"nbt": "{}",
					"children": [11, 12]
				},
				{
					"name": "m",
					"origin": [0, 0, 0],
					"color": 0,
					"nbt": "{}",
					"children": [13, 14, 15, 16, 17, 18]
				},
				{
					"name": "a",
					"origin": [0, 0, 0],
					"color": 0,
					"nbt": "{}",
					"children": [19, 20]
				},
				{
					"name": "n",
					"origin": [0, 0, 0],
					"color": 0,
					"nbt": "{}",
					"children": [21, 22, 23, 24]
				},
				{
					"name": "i",
					"origin": [0, 0, 0],
					"color": 0,
					"nbt": "{}",
					"children": [25, 26]
				},
				{
					"name": "a",
					"origin": [0, 0, 0],
					"color": 0,
					"nbt": "{}",
					"children": [27, 28]
				}
			]
		}
	]
}