{
	"credit": "Made with Blockbench",
	"texture_size": [32, 32],
	"textures": {
		"2": "item/solocapture",
		"particle": "item/solocapture"
	},
	"elements": [
		{
			"from": [22.69, 6.2, 6.9],
			"to": [25.49, 10.2, 9.1],
			"rotation": {"angle": 0, "axis": "y", "origin": [8.25, 6, 8]},
			"faces": {
				"north": {"uv": [7.5, 5, 8.90625, 7], "texture": "#2"},
				"south": {"uv": [6, 7.5, 7.40625, 9.5], "texture": "#2"},
				"up": {"uv": [1.40625, 13.09375, 0, 12], "texture": "#2"},
				"down": {"uv": [13.40625, 0, 12, 1.09375], "texture": "#2"}
			}
		},
		{
			"from": [24.09, 7.2, 6.7],
			"to": [25.69, 7.6, 9.3],
			"rotation": {"angle": 0, "axis": "y", "origin": [8.25, 6, 8]},
			"faces": {
				"west": {"uv": [7.5, 11, 8.79688, 11.20313], "texture": "#2"},
				"up": {"uv": [8.79688, 11.20313, 7.5, 11], "texture": "#2"},
				"down": {"uv": [8.79688, 11, 7.5, 11.20313], "texture": "#2"}
			}
		},
		{
			"from": [22.49, 8.8, 6.7],
			"to": [24.09, 9.2, 9.3],
			"rotation": {"angle": 0, "axis": "y", "origin": [8.25, 6, 8]},
			"faces": {
				"east": {"uv": [7.5, 11, 8.79688, 11.20313], "texture": "#2"},
				"up": {"uv": [8.79688, 11.20313, 7.5, 11], "texture": "#2"},
				"down": {"uv": [8.79688, 11, 7.5, 11.20313], "texture": "#2"}
			}
		},
		{
			"from": [25.69, 10.4, 9.3],
			"to": [22.49, 6, 6.7],
			"rotation": {"angle": 0, "axis": "y", "origin": [8.25, 6, 8]},
			"faces": {
				"north": {"uv": [0, 0, 1.59375, 2.20313], "texture": "#2"},
				"east": {"uv": [6, 5, 7.29688, 7.20313], "texture": "#2"},
				"south": {"uv": [2, 0, 3.59375, 2.20313], "texture": "#2"},
				"west": {"uv": [0, 7.5, 1.29688, 9.70313], "texture": "#2"},
				"up": {"uv": [8.79688, 11.20313, 7.5, 11], "texture": "#2"},
				"down": {"uv": [8.79688, 11, 7.5, 11.20313], "texture": "#2"}
			}
		},
		{
			"from": [19.49, 6.2, 6.9],
			"to": [22.29, 10.2, 9.1],
			"rotation": {"angle": 0, "axis": "y", "origin": [8.25, 6, 8]},
			"faces": {
				"north": {"uv": [7.5, 7, 8.90625, 9], "texture": "#2"},
				"south": {"uv": [9, 0, 10.40625, 2], "texture": "#2"},
				"up": {"uv": [2.90625, 13.09375, 1.5, 12], "texture": "#2"},
				"down": {"uv": [13.40625, 1.5, 12, 2.59375], "texture": "#2"}
			}
		},
		{
			"from": [22.49, 10.4, 9.3],
			"to": [19.29, 6, 6.7],
			"rotation": {"angle": 0, "axis": "y", "origin": [8.25, 6, 8]},
			"faces": {
				"north": {"uv": [7.5, 11, 8.79688, 11.20313], "texture": "#2"},
				"east": {"uv": [7.5, 11, 8.79688, 11.20313], "texture": "#2"},
				"south": {"uv": [7.5, 11, 8.79688, 11.20313], "texture": "#2"},
				"west": {"uv": [7.5, 11, 8.79688, 11.20313], "texture": "#2"},
				"up": {"uv": [8.79688, 11.20313, 7.5, 11], "texture": "#2"},
				"down": {"uv": [8.79688, 11, 7.5, 11.20313], "texture": "#2"}
			}
		},
		{
			"from": [16.69, 6.2, 6.9],
			"to": [19.09, 10.2, 9.1],
			"rotation": {"angle": 0, "axis": "y", "origin": [8.25, 6, 8]},
			"faces": {
				"north": {"uv": [10.5, 6, 11.70313, 8], "texture": "#2"},
				"south": {"uv": [10.5, 8, 11.70313, 10], "texture": "#2"},
				"up": {"uv": [14.70313, 1.09375, 13.5, 0], "texture": "#2"},
				"down": {"uv": [2.70313, 13.5, 1.5, 14.59375], "texture": "#2"}
			}
		},
		{
			"from": [16.49, 7.2, 6.7],
			"to": [17.69, 10.4, 9.3],
			"rotation": {"angle": 0, "axis": "y", "origin": [8.25, 6, 8]},
			"faces": {
				"east": {"uv": [7.5, 11, 8.79688, 11.20313], "texture": "#2"},
				"down": {"uv": [8.79688, 11, 7.5, 11.20313], "texture": "#2"}
			}
		},
		{
			"from": [19.29, 10.4, 9.3],
			"to": [16.49, 6, 6.7],
			"rotation": {"angle": 0, "axis": "y", "origin": [8.25, 6, 8]},
			"faces": {
				"north": {"uv": [6, 0, 7.40625, 2.20313], "texture": "#2"},
				"east": {"uv": [7.5, 0, 8.79688, 2.20313], "texture": "#2"},
				"south": {"uv": [6, 2.5, 7.40625, 4.70313], "texture": "#2"},
				"west": {"uv": [7.5, 11, 8.79688, 11.20313], "texture": "#2"},
				"up": {"uv": [8.79688, 11.20313, 7.5, 11], "texture": "#2"},
				"down": {"uv": [11.90625, 11.5, 10.5, 12.79688], "texture": "#2"}
			}
		},
		{
			"from": [13.49, 6.2, 6.9],
			"to": [16.29, 10.2, 9.1],
			"rotation": {"angle": 0, "axis": "y", "origin": [8.25, 6, 8]},
			"faces": {
				"north": {"uv": [7.5, 7, 8.90625, 9], "texture": "#2"},
				"south": {"uv": [9, 0, 10.40625, 2], "texture": "#2"},
				"up": {"uv": [2.90625, 13.09375, 1.5, 12], "texture": "#2"},
				"down": {"uv": [13.40625, 1.5, 12, 2.59375], "texture": "#2"}
			}
		},
		{
			"from": [16.49, 10.4, 9.3],
			"to": [13.29, 6, 6.7],
			"rotation": {"angle": 0, "axis": "y", "origin": [8.25, 6, 8]},
			"faces": {
				"north": {"uv": [7.5, 11, 8.79688, 11.20313], "texture": "#2"},
				"east": {"uv": [7.5, 11, 8.79688, 11.20313], "texture": "#2"},
				"south": {"uv": [7.5, 11, 8.79688, 11.20313], "texture": "#2"},
				"west": {"uv": [7.5, 11, 8.79688, 11.20313], "texture": "#2"},
				"up": {"uv": [8.79688, 11.20313, 7.5, 11], "texture": "#2"},
				"down": {"uv": [8.79688, 11, 7.5, 11.20313], "texture": "#2"}
			}
		},
		{
			"from": [9.71, 6.2, 6.9],
			"to": [12.51, 10.2, 9.1],
			"rotation": {"angle": 0, "axis": "y", "origin": [7.75, 6, 8]},
			"faces": {
				"north": {"uv": [9, 2, 10.40625, 4], "texture": "#2"},
				"south": {"uv": [9, 4, 10.40625, 6], "texture": "#2"},
				"up": {"uv": [4.40625, 13.09375, 3, 12], "texture": "#2"},
				"down": {"uv": [13.40625, 3, 12, 4.09375], "texture": "#2"}
			}
		},
		{
			"from": [9.51, 7.2, 6.7],
			"to": [11.11, 9.2, 9.3],
			"rotation": {"angle": 0, "axis": "y", "origin": [7.75, 6, 8]},
			"faces": {
				"east": {"uv": [12.5, 10.5, 13.79688, 11.5], "texture": "#2"},
				"up": {"uv": [13.79688, 11.5, 12.5, 10.5], "texture": "#2"},
				"down": {"uv": [13.79688, 10.5, 12.5, 11.5], "texture": "#2"}
			}
		},
		{
			"from": [12.71, 10.4, 9.3],
			"to": [9.51, 6, 6.7],
			"rotation": {"angle": 0, "axis": "y", "origin": [7.75, 6, 8]},
			"faces": {
				"north": {"uv": [0, 2.5, 1.59375, 4.70313], "texture": "#2"},
				"east": {"uv": [1.5, 7.5, 2.79688, 9.70313], "texture": "#2"},
				"south": {"uv": [2, 2.5, 3.59375, 4.70313], "texture": "#2"},
				"west": {"uv": [7.5, 11, 8.79688, 11.20313], "texture": "#2"},
				"up": {"uv": [8.79688, 11.20313, 7.5, 11], "texture": "#2"},
				"down": {"uv": [8.79688, 11, 7.5, 11.20313], "texture": "#2"}
			}
		},
		{
			"from": [6.51, 6.2, 6.9],
			"to": [9.31, 10.2, 9.1],
			"rotation": {"angle": 0, "axis": "y", "origin": [7.75, 6, 8]},
			"faces": {
				"north": {"uv": [9, 6, 10.40625, 8], "texture": "#2"},
				"south": {"uv": [7.5, 9, 8.90625, 11], "texture": "#2"},
				"up": {"uv": [5.90625, 13.09375, 4.5, 12], "texture": "#2"},
				"down": {"uv": [13.40625, 4.5, 12, 5.59375], "texture": "#2"}
			}
		},
		{
			"from": [9.51, 10.4, 9.3],
			"to": [6.31, 6, 6.7],
			"rotation": {"angle": 0, "axis": "y", "origin": [7.75, 6, 8]},
			"faces": {
				"north": {"uv": [7.5, 11, 8.79688, 11.20313], "texture": "#2"},
				"east": {"uv": [7.5, 11, 8.79688, 11.20313], "texture": "#2"},
				"south": {"uv": [7.5, 11, 8.79688, 11.20313], "texture": "#2"},
				"west": {"uv": [7.5, 11, 8.79688, 11.20313], "texture": "#2"},
				"up": {"uv": [8.79688, 11.20313, 7.5, 11], "texture": "#2"},
				"down": {"uv": [8.79688, 11, 7.5, 11.20313], "texture": "#2"}
			}
		},
		{
			"from": [3.31, 6.2, 6.9],
			"to": [6.11, 10.2, 9.1],
			"rotation": {"angle": 0, "axis": "y", "origin": [7.75, 6, 8]},
			"faces": {
				"north": {"uv": [9, 8, 10.40625, 10], "texture": "#2"},
				"south": {"uv": [6, 9.5, 7.40625, 11.5], "texture": "#2"},
				"up": {"uv": [13.40625, 7.09375, 12, 6], "texture": "#2"},
				"down": {"uv": [13.40625, 7.5, 12, 8.59375], "texture": "#2"}
			}
		},
		{
			"from": [3.11, 6, 6.7],
			"to": [4.71, 7.6, 9.3],
			"rotation": {"angle": 0, "axis": "y", "origin": [7.75, 6, 8]},
			"faces": {
				"east": {"uv": [7.5, 11, 8.79688, 11.20313], "texture": "#2"},
				"up": {"uv": [8.79688, 11.20313, 7.5, 11], "texture": "#2"}
			}
		},
		{
			"from": [6.31, 10.4, 9.3],
			"to": [3.11, 6, 6.7],
			"rotation": {"angle": 0, "axis": "y", "origin": [7.75, 6, 8]},
			"faces": {
				"north": {"uv": [4, 0, 5.59375, 2.20313], "texture": "#2"},
				"east": {"uv": [7.5, 2.5, 8.79688, 4.70313], "texture": "#2"},
				"south": {"uv": [4, 2.5, 5.59375, 4.70313], "texture": "#2"},
				"west": {"uv": [7.5, 11, 8.79688, 11.20313], "texture": "#2"},
				"up": {"uv": [12.09375, 11.29688, 10.5, 10], "texture": "#2"},
				"down": {"uv": [8.79688, 11, 7.5, 11.20313], "texture": "#2"}
			}
		},
		{
			"from": [0.11, 6.2, 6.9],
			"to": [2.91, 10.2, 9.1],
			"rotation": {"angle": 0, "axis": "y", "origin": [7.75, 6, 8]},
			"faces": {
				"north": {"uv": [0, 10, 1.40625, 12], "texture": "#2"},
				"south": {"uv": [1.5, 10, 2.90625, 12], "texture": "#2"},
				"up": {"uv": [9.40625, 13.09375, 8, 12], "texture": "#2"},
				"down": {"uv": [13.40625, 11.5, 12, 12.59375], "texture": "#2"}
			}
		},
		{
			"from": [2.31, 6, 6.7],
			"to": [3.11, 9.2, 9.3],
			"rotation": {"angle": 0, "axis": "y", "origin": [7.75, 6, 8]},
			"faces": {
				"west": {"uv": [7.5, 11, 8.79688, 11.20313], "texture": "#2"},
				"up": {"uv": [8.79688, 11.20313, 7.5, 11], "texture": "#2"}
			}
		},
		{
			"from": [-0.09, 6, 6.7],
			"to": [0.71, 9.2, 9.3],
			"rotation": {"angle": 0, "axis": "y", "origin": [7.75, 6, 8]},
			"faces": {
				"east": {"uv": [7.5, 11, 8.79688, 11.20313], "texture": "#2"},
				"up": {"uv": [8.79688, 11.20313, 7.5, 11], "texture": "#2"}
			}
		},
		{
			"from": [3.11, 10.4, 9.3],
			"to": [-0.09, 6, 6.7],
			"rotation": {"angle": 0, "axis": "y", "origin": [7.75, 6, 8]},
			"faces": {
				"north": {"uv": [0, 5, 1.59375, 7.20313], "texture": "#2"},
				"east": {"uv": [3, 7.5, 4.29688, 9.70313], "texture": "#2"},
				"south": {"uv": [0, 5, 1.59375, 7.20313], "texture": "#2"},
				"west": {"uv": [3, 7.5, 4.29688, 9.70313], "texture": "#2"},
				"up": {"uv": [7.59375, 12.79688, 6, 11.5], "texture": "#2"},
				"down": {"uv": [8.79688, 11, 7.5, 11.20313], "texture": "#2"}
			}
		},
		{
			"from": [-3.09, 6.2, 6.9],
			"to": [-0.29, 10.2, 9.1],
			"rotation": {"angle": 0, "axis": "y", "origin": [7.75, 6, 8]},
			"faces": {
				"north": {"uv": [3, 10, 4.40625, 12], "texture": "#2"},
				"south": {"uv": [4.5, 10, 5.90625, 12], "texture": "#2"},
				"up": {"uv": [13.90625, 10.09375, 12.5, 9], "texture": "#2"},
				"down": {"uv": [7.40625, 13, 6, 14.09375], "texture": "#2"}
			}
		},
		{
			"from": [-0.09, 10.4, 9.3],
			"to": [-3.29, 6, 6.7],
			"rotation": {"angle": 0, "axis": "y", "origin": [7.75, 6, 8]},
			"faces": {
				"north": {"uv": [7.5, 11, 8.79688, 11.20313], "texture": "#2"},
				"east": {"uv": [7.5, 11, 8.79688, 11.20313], "texture": "#2"},
				"south": {"uv": [7.5, 11, 8.79688, 11.20313], "texture": "#2"},
				"west": {"uv": [7.5, 11, 8.79688, 11.20313], "texture": "#2"},
				"up": {"uv": [8.79688, 11.20313, 7.5, 11], "texture": "#2"},
				"down": {"uv": [8.79688, 11, 7.5, 11.20313], "texture": "#2"}
			}
		},
		{
			"from": [-6.29, 6.2, 6.9],
			"to": [-3.49, 10.2, 9.1],
			"rotation": {"angle": 0, "axis": "y", "origin": [7.75, 6, 8]},
			"faces": {
				"north": {"uv": [9, 10, 10.40625, 12], "texture": "#2"},
				"south": {"uv": [10.5, 0, 11.90625, 2], "texture": "#2"},
				"up": {"uv": [10.90625, 14.09375, 9.5, 13], "texture": "#2"},
				"down": {"uv": [12.40625, 13, 11, 14.09375], "texture": "#2"}
			}
		},
		{
			"from": [-3.29, 10.4, 9.3],
			"to": [-6.49, 6, 6.7],
			"rotation": {"angle": 0, "axis": "y", "origin": [7.75, 6, 8]},
			"faces": {
				"north": {"uv": [7.5, 11, 8.79688, 11.20313], "texture": "#2"},
				"east": {"uv": [7.5, 11, 8.79688, 11.20313], "texture": "#2"},
				"south": {"uv": [7.5, 11, 8.79688, 11.20313], "texture": "#2"},
				"west": {"uv": [7.5, 11, 8.79688, 11.20313], "texture": "#2"},
				"up": {"uv": [8.79688, 11.20313, 7.5, 11], "texture": "#2"},
				"down": {"uv": [8.79688, 11, 7.5, 11.20313], "texture": "#2"}
			}
		},
		{
			"from": [-9.49, 6.2, 6.9],
			"to": [-6.69, 10.2, 9.1],
			"rotation": {"angle": 0, "axis": "y", "origin": [7.75, 6, 8]},
			"faces": {
				"north": {"uv": [10.5, 2, 11.90625, 4], "texture": "#2"},
				"south": {"uv": [10.5, 4, 11.90625, 6], "texture": "#2"},
				"up": {"uv": [13.90625, 14.09375, 12.5, 13], "texture": "#2"},
				"down": {"uv": [1.40625, 13.5, 0, 14.59375], "texture": "#2"}
			}
		},
		{
			"from": [-9.69, 8.8, 6.7],
			"to": [-8.09, 9.2, 9.3],
			"rotation": {"angle": 0, "axis": "y", "origin": [7.75, 6, 8]},
			"faces": {
				"east": {"uv": [7.5, 11, 8.79688, 11.20313], "texture": "#2"},
				"up": {"uv": [8.79688, 11.20313, 7.5, 11], "texture": "#2"},
				"down": {"uv": [8.79688, 11, 7.5, 11.20313], "texture": "#2"}
			}
		},
		{
			"from": [-9.69, 7.2, 6.7],
			"to": [-8.09, 7.6, 9.3],
			"rotation": {"angle": 0, "axis": "y", "origin": [7.75, 6, 8]},
			"faces": {
				"east": {"uv": [7.5, 11, 8.79688, 11.20313], "texture": "#2"},
				"up": {"uv": [8.79688, 11.20313, 7.5, 11], "texture": "#2"},
				"down": {"uv": [8.79688, 11, 7.5, 11.20313], "texture": "#2"}
			}
		},
		{
			"from": [-6.49, 10.4, 9.3],
			"to": [-9.69, 6, 6.7],
			"rotation": {"angle": 0, "axis": "y", "origin": [7.75, 6, 8]},
			"faces": {
				"north": {"uv": [2, 5, 3.59375, 7.20313], "texture": "#2"},
				"east": {"uv": [4.5, 7.5, 5.79688, 9.70313], "texture": "#2"},
				"south": {"uv": [4, 5, 5.59375, 7.20313], "texture": "#2"},
				"west": {"uv": [7.5, 11, 8.79688, 11.20313], "texture": "#2"},
				"up": {"uv": [8.79688, 11.20313, 7.5, 11], "texture": "#2"},
				"down": {"uv": [8.79688, 11, 7.5, 11.20313], "texture": "#2"}
			}
		}
	],
	"groups": [
		{
			"name": "solo_capture",
			"origin": [3, 0, 0],
			"color": 0,
			"children": [
				{
					"name": "solo",
					"origin": [3, 0, 0],
					"color": 0,
					"children": [
						{
							"name": "s",
							"origin": [3, 0, 0],
							"color": 0,
							"children": [0, 1, 2, 3]
						},
						{
							"name": "o",
							"origin": [3, 0, 0],
							"color": 0,
							"children": [4, 5]
						},
						{
							"name": "l",
							"origin": [3, 0, 0],
							"color": 0,
							"children": [6, 7, 8]
						},
						{
							"name": "o",
							"origin": [3, 0, 0],
							"color": 0,
							"children": [9, 10]
						}
					]
				},
				{
					"name": "capture",
					"origin": [3, 0, 0],
					"color": 0,
					"children": [
						{
							"name": "c",
							"origin": [3, 0, 0],
							"color": 0,
							"children": [11, 12, 13]
						},
						{
							"name": "a",
							"origin": [3, 0, 0],
							"color": 0,
							"children": [14, 15]
						},
						{
							"name": "p",
							"origin": [3, 0, 0],
							"color": 0,
							"children": [16, 17, 18]
						},
						{
							"name": "t",
							"origin": [3, 0, 0],
							"color": 0,
							"children": [19, 20, 21, 22]
						},
						{
							"name": "u",
							"origin": [3, 0, 0],
							"color": 0,
							"children": [23, 24]
						},
						{
							"name": "r",
							"origin": [3, 0, 0],
							"color": 0,
							"children": [25, 26]
						},
						{
							"name": "e",
							"origin": [3, 0, 0],
							"color": 0,
							"children": [27, 28, 29, 30]
						}
					]
				}
			]
		}
	]
}