 {
     "providers": [
        {
            "type": "space",
            "advances": {
                " ": 10,
                "\uF800": 0,
                "\uF801": -1,
                "\uF802": -2,
                "\uF803": -3,
                "\uF804": -4,
                "\uF805": -5,
                "\uF806": -6,
                "\uF807": -7,
                "\uF808": -8,
                "\uF809": -16,
                "\uF80A": -32,
                "\uF80B": -64,
                "\uF80C": -128,
                "\uF80D": -256,
                "\uF80E": -512,
                "\uF80F": -1024,
				"\u00D1": 10,

                "\uF821": 1,
                "\uF822": 2,
                "\uF823": 3,
                "\uF824": 4,
                "\uF825": 5,
                "\uF826": 6,
                "\uF827": 7,
                "\uF828": 8,
                "\uF829": 16,
                "\uF82A": 32,
                "\uF82B": 64,
                "\uF82C": 128,
                "\uF82D": 256,
                "\uF82E": 512,
                "\uF82F": 1024
            }
        },
        {
            "type": "bitmap",
            "file": "minecraft:font/dialogue.png",
            "height": 20,
            "ascent": 7,
            "chars": [
                "\u8bca\u0000\u0000\u0000\u0000\u0000\u0000\u0000\u0000\u0000\u0000\u0000\u0000\u0000\u0000\u0000",
                "\u0000\u0000\u0000\u0000\u0000\u0000\u0000\u0000\u0000\u0000\u0000\u0000\u0000\u0000\u0000\u0000",
                "\u0020\u0021\u0022\u0023\u0024\u0025\u0026\u0027\u0028\u0029\u002a\u002b\u002c\u002d\u002e\u002f",
                "\u0030\u0031\u0032\u0033\u0034\u0035\u0036\u0037\u0038\u0039\u003a\u003b\u003c\u003d\u003e\u003f",
                "\u0040\u0041\u0042\u0043\u0044\u0045\u0046\u0047\u0048\u0049\u004a\u004b\u004c\u004d\u004e\u004f",
                "\u0050\u0051\u0052\u0053\u0054\u0055\u0056\u0057\u0058\u0059\u005a\u005b\u005c\u005d\u005e\u005f",
                "\u0060\u0061\u0062\u0063\u0064\u0065\u0066\u0067\u0068\u0069\u006a\u006b\u006c\u006d\u006e\u006f",
                "\u0070\u0071\u0072\u0073\u0074\u0075\u0076\u0077\u0078\u0079\u007a\u007b\u007c\u007d\u007e\u00D1",
                "\u0000\u0000\u0000\u0000\u0000\u0000\u0000\u0000\u0000\u0000\u0000\u0000\u0000\u0000\u0000\u0000",
                "\u0000\u0000\u0000\u0000\u0000\u0000\u0000\u0000\u0000\u0000\u0000\u0000\u00a3\u0000\u0000\u0192",
                "\u0000\u0000\u0000\u0000\u0000\u0000\u00aa\u00ba\u0000\u0000\u00ac\u0000\u0000\u0000\u00ab\u00bb",
                "\u2591\u2592\u2593\u2502\u2524\u2561\u2562\u2556\u2555\u2563\u2551\u2557\u255d\u255c\u255b\u2510",
                "\u2514\u2534\u252c\u251c\u2500\u253c\u255e\u255f\u255a\u2554\u2569\u2566\u2560\u2550\u256c\u2567",
                "\u2568\u2564\u2565\u2559\u2558\u2552\u2553\u256b\u256a\u2518\u250c\u2588\u2584\u258c\u2590\u2580",
                "\u0000\u0000\u0000\u0000\u0000\u0000\u0000\u0000\u0000\u0000\u0000\u0000\u0000\u2205\u2208\u0000",
                "\u2261\u00b1\u2265\u2264\u2320\u2321\u00f7\u2248\u00b0\u2219\u00b7\u221a\u207f\u00b2\u25a0\u0000"
            ]
        }
    ]
}